url	status	bytes	final_url	note
http://hockeyanalytics.com/Research_files/Using%20Zone%20Entry%20Data%20To%20Separate%20Offensive,%20Neutral,%20And%20Defensive%20Zone%20Performance.pdf	200	700520	http://hockeyanalytics.com/Research_files/Using%20Zone%20Entry%20Data%20To%20Separate%20Offensive,%20Neutral,%20And%20Defensive%20Zone%20Performance.pdf	-
http://www.nhlspecialteams.com/blog/2016/3/1/are-power-play-drop-pass-entries-effective	200	20712	http://www.nhlspecialteams.com/blog/2016/3/1/are-power-play-drop-pass-entries-effective	-
http://www.sloansportsconference.com/wp-content/uploads/2013/Using%20Zone%20Entry%20Data%20To%20Separate%20Offensive,%20Neutral,%20And%20Defensive%20Zone%20Performance.pdf	404	3341	https://www.sloansportsconference.com/wp-content/uploads/2013/Using%20Zone%20Entry%20Data%20To%20Separate%20Offensive,%20Neutral,%20And%20Defensive%20Zone%20Performance.pdf	SOFT404?
https://api-web.nhle.com/v1/gamecenter/2024020001/play-by-play	200	13163	https://api-web.nhle.com/v1/gamecenter/2024020001/play-by-play	-
http://rulebook.hockeycanada.ca/english/part-i-technical-rules/section-6/rule-6-3/	200	4722	http://rulebook.hockeycanada.ca/english/part-i-technical-rules/section-6/rule-6-3/	-
http://rulebook.hockeycanada.ca/english/part-i-technical-rules/section-1/rule-1-5/	200	2474	http://rulebook.hockeycanada.ca/english/part-i-technical-rules/section-1/rule-1-5/	-
https://api.nhle.com/stats/rest/en/shiftcharts	400	28	https://api.nhle.com/stats/rest/en/shiftcharts	-
https://adultsskatetoo.com/pages/how-to-fall-safely-and-get-back-up-on-ice	200	57537	https://adultsskatetoo.com/pages/how-to-fall-safely-and-get-back-up-on-ice	-
https://allblackhockeysticks.com/see-the-ice-own-the-game-vision-training-drills-for-better-ice-awareness/	200	76975	https://allblackhockeysticks.com/see-the-ice-own-the-game-vision-training-drills-for-better-ice-awareness/	-
https://allblackhockeysticks.com/support-the-puck-carrier/	200	77040	https://allblackhockeysticks.com/support-the-puck-carrier/	-
https://allmightyhockeytalk.com/2024/07/24/the-impact-of-handedness-on-defensemen/	000	0	https://allmightyhockeytalk.com/2024/07/24/the-impact-of-handedness-on-defensemen/ (retry 000	-
https://api.nhle.com/stats/rest/en/skater/timeonice?cayenneExp=seasonId=20242025%20and%20gameTypeId=2	200	4805	https://api.nhle.com/stats/rest/en/skater/timeonice?cayenneExp=seasonId=20242025%20and%20gameTypeId=2	-
https://api.nhle.com/stats/rest/en/skater/timeonice?cayenneExp=seasonId=20252026%20and%20gameTypeId=2	200	5015	https://api.nhle.com/stats/rest/en/skater/timeonice?cayenneExp=seasonId=20252026%20and%20gameTypeId=2	-
https://allblackhockeysticks.com/delayed-penalties/	200	76736	https://allblackhockeysticks.com/delayed-penalties/	-
https://api.nhle.com/stats/rest/en/team/powerplay?cayenneExp=seasonId=20252026%20and%20gameTypeId=2	200	2481	https://api.nhle.com/stats/rest/en/team/powerplay?cayenneExp=seasonId=20252026%20and%20gameTypeId=2	-
https://api.nhle.com/stats/rest/en/team/faceoffpercentages	200	3392	https://api.nhle.com/stats/rest/en/team/faceoffpercentages	-
http://web.archive.org/web/20150924092445/http://www.nhl.com/ice/news.htm?id=744483	200	34002	http://web.archive.org/web/20150924092445/http://www.nhl.com/ice/news.htm?id=744483	-
https://allblackhockeysticks.com/beating-defensemen-1-on-1-with-deception/	200	76368	https://allblackhockeysticks.com/beating-defensemen-1-on-1-with-deception/	-
https://api.nhle.com/stats/rest/en/skater/penaltyShots?cayenneExp=seasonId=20252026%20and%20gameTypeId=2	200	1085	https://api.nhle.com/stats/rest/en/skater/penaltyShots?cayenneExp=seasonId=20252026%20and%20gameTypeId=2	-
http://hecc.org/headsup.html	200	17475	https://hecc.org/safety-guidelines/heads-up-dont-duck/	-
https://appliedsportpsych.org/blog/2025/12/the-last-line-of-defense-unraveling-the-mental-strain-of-goalkeepers/	200	11870	https://appliedsportpsych.org/blog/2025/12/the-last-line-of-defense-unraveling-the-mental-strain-of-goalkeepers/	-
https://athletesuntapped.com/blog/the-fortress-mastering-defensive-zone-coverage-in-ice-hockey/	200	27482	https://athletesuntapped.com/blog/the-fortress-mastering-defensive-zone-coverage-in-ice-hockey/	-
https://athletesuntapped.com/blog/how-skating-technique-impacts-overall-hockey-performance/	200	28165	https://athletesuntapped.com/blog/how-skating-technique-impacts-overall-hockey-performance/	-
https://blob.iihf.com/iihf-media/iihfmvc/media/contentimages/4_sport/officiating/rule_book/25_26/2025-26_iihf_rulebook_19052025-v1.pdf	200	13080792	https://blob.iihf.com/iihf-media/iihfmvc/media/contentimages/4_sport/officiating/rule_book/25_26/2025-26_iihf_rulebook_19052025-v1.pdf	-
https://beerleaguetips.com/article/basic-breakout-strategy/	200	28015	https://beerleaguetips.com/article/basic-breakout-strategy/	-
https://bjsm.bmj.com/content/53/11/667	403	3374	https://bjsm.bmj.com/content/53/11/667 (retry 403	-
https://blueseatblogs.com/2011/10/11/complete-idiots-guide-to-hockey-systems-special-teams/	200	32653	https://blueseatblogs.com/2011/10/11/complete-idiots-guide-to-hockey-systems-special-teams/	-
https://bjsm.bmj.com/content/57/2/99	403	3369	https://bjsm.bmj.com/content/57/2/99 (retry 403	-
https://blueseatblogs.com/2011/10/24/penalty-kill/	200	32040	https://blueseatblogs.com/2011/10/24/penalty-kill/	-
https://bjsm.bmj.com/content/57/11/692	403	3370	https://bjsm.bmj.com/content/57/11/692 (retry 403	-
https://blueseatblogs.com/2011/09/26/complete-idiots-guide-to-hockey-systems-pt-1/	200	33247	https://blueseatblogs.com/2011/09/26/complete-idiots-guide-to-hockey-systems-pt-1/	-
https://blueseatblogs.com/2015/01/09/taking-look-steve-valiquettes-royal-road/	200	32785	https://blueseatblogs.com/2015/01/09/taking-look-steve-valiquettes-royal-road/	-
https://beerleaguetips.com/article/offensive-zone-structure/	200	25539	https://beerleaguetips.com/article/offensive-zone-structure/	-
https://blueseatblogs.com/2013/02/19/hockey-systems-101-defensive-zone-strategies/	200	32428	https://blueseatblogs.com/2013/02/19/hockey-systems-101-defensive-zone-strategies/	-
https://carhahockey.ca/wp-content/uploads/2024/01/RuleBk-2020-interactive-1.pdf	200	1008517	https://carhahockey.ca/wp-content/uploads/2024/01/RuleBk-2020-interactive-1.pdf	-
https://blueseatblogs.com/2012/02/21/overview-of-john-tortorellas-system/	200	32436	https://blueseatblogs.com/2012/02/21/overview-of-john-tortorellas-system/	-
https://cdn.hockeycanada.ca/hockey-canada/Hockey-Programs/Safety/Downloads/2022/2022-csa-certification-e.pdf	200	957121	https://cdn.hockeycanada.ca/hockey-canada/Hockey-Programs/Safety/Downloads/2022/2022-csa-certification-e.pdf	-
https://cdn.thepond.howtohockey.com/2024/01/CompleteGuideToStickhandling.pdf	200	496480	https://cdn.thepond.howtohockey.com/2024/01/CompleteGuideToStickhandling.pdf	-
https://bleacherreport.com/articles/2481173-the-95-devils-20-years-later-how-a-team-and-its-infamous-trap-changed-the-nhl	200	364973	https://bleacherreport.com/articles/2481173-the-95-devils-20-years-later-how-a-team-and-its-infamous-trap-changed-the-nhl	-
https://cdn.shopify.com/s/files/1/0658/4749/2861/files/RE-AKT3D-90_HELMET_BOOKLET_QR_S26R2.pdf	200	629144	https://cdn.shopify.com/s/files/1/0658/4749/2861/files/RE-AKT3D-90_HELMET_BOOKLET_QR_S26R2.pdf	-
https://cdn1.sportngin.com/attachments/document/0084/2519/Teaching_Concepts_Through_Small-Area_Games_FINAL.pdf	200	1092756	https://cdn1.sportngin.com/attachments/document/0084/2519/Teaching_Concepts_Through_Small-Area_Games_FINAL.pdf	-
https://builtforhockey.com/hockey-winger-breakout/	200	35495	https://builtforhockey.com/hockey-winger-breakout/	-
https://bpspsychub.onlinelibrary.wiley.com/doi/10.1111/j.2044-8295.1991.tb02391.x	200	19850	https://bpspsychub.onlinelibrary.wiley.com/action/cookieAbsent	-
https://cdn1.sportngin.com/attachments/document/8a50-2943571/Passing_The_Puck.pdf	200	891396	https://cdn1.sportngin.com/attachments/document/8a50-2943571/Passing_The_Puck.pdf	R26 refetched: byline 'By John Hamre, Assistant Coach, U.S. National Team Development Program', COACHES' PLAYBOOK, AHM.JAN 02, 2pp; all four quoted instructions located verbatim
https://bvhs.ca/wp-content/uploads/2026/06/BVHS-Goalie-Tactics-Manual-2026-2027-Season.pdf	200	6322635	https://bvhs.ca/wp-content/uploads/2026/06/BVHS-Goalie-Tactics-Manual-2026-2027-Season.pdf	-
https://cdn1.sportngin.com/attachments/document/ef49-3383370/USAH_Playing_Rules_SOP_Body_Checking_2025-29.pdf	200	78566	https://cdn1.sportngin.com/attachments/document/ef49-3383370/USAH_Playing_Rules_SOP_Body_Checking_2025-29.pdf	-
https://cdn1.sportngin.com/attachments/document/38c0-3079160/USA_Hockey_Small_Area_Competitive_Games.pdf	200	6045022	https://cdn1.sportngin.com/attachments/document/38c0-3079160/USA_Hockey_Small_Area_Competitive_Games.pdf	-
https://bnq.qc.ca/en/standardization/protection-and-safety/neck-protectors-n.html	200	22889	https://bnq.qc.ca/en/standardization/protection-and-safety/neck-protectors-n.html	-
https://bnq.qc.ca/en/certification/protection-and-safety/neck-protectors-c2.html	200	19403	https://bnq.qc.ca/en/certification/protection-and-safety/neck-protectors-c2.html	-
https://cdn1.sportngin.com/attachments/document/dfc7-2294372/Creating_Offense_5_man_unit_Oct_20.pdf	200	843318	https://cdn1.sportngin.com/attachments/document/dfc7-2294372/Creating_Offense_5_man_unit_Oct_20.pdf	-
https://cdn3.sportngin.com/attachments/document/4f1a-3442850/2025-29_USAH_Playing_Rules___Casebook.pdf	200	1935086	https://cdn3.sportngin.com/attachments/document/4f1a-3442850/2025-29_USAH_Playing_Rules___Casebook.pdf	-
https://assets.contentstack.io/v3/assets/bltebdb4296e05d53db/bltb8440fe08a5e6dc5/69178cd0a582d7db321ad107/2025-2026_PWHL_Rulebook.pdf	200	19772272	https://assets.contentstack.io/v3/assets/bltebdb4296e05d53db/bltb8440fe08a5e6dc5/69178cd0a582d7db321ad107/2025-2026_PWHL_Rulebook.pdf	-
https://cdn2.sportngin.com/attachments/document/945a-3442848/2025-29_USAH_Playing_Rules.pdf	200	1343749	https://cdn2.sportngin.com/attachments/document/945a-3442848/2025-29_USAH_Playing_Rules.pdf	-
https://coachnielsen.wordpress.com/2010/01/30/defensive-zone-coverage/	200	27942	https://coachnielsen.wordpress.com/2010/01/30/defensive-zone-coverage/	-
https://charlottehockeylab.com/2025/09/01/charlotte-hockey-labs-blueprint-for-winning-power-play-formations/	200	134121	https://charlottehockeylab.com/2025/09/01/charlotte-hockey-labs-blueprint-for-winning-power-play-formations/	-
https://coachchic.com/techniques-for-shielding-the-puck/	200	28522	https://coachchic.com/techniques-for-shielding-the-puck/	-
https://coachchic.com/transitioning-from-wheels-to-ice-hockey/	200	28372	https://coachchic.com/transitioning-from-wheels-to-ice-hockey/	-
https://coachchic.com/voice-of-the-bench-communicating-under-pressure-on-the-ice/	200	28956	https://coachchic.com/voice-of-the-bench-communicating-under-pressure-on-the-ice/	-
https://coachthem.com/blog/how-to-defend-with-angling-danny-heath	200	111403	https://coachthem.com/blog/how-to-defend-with-angling-danny-heath	SOFT404?
https://cdn4.sportngin.com/attachments/document/55c1-2114751/IntroductiontoBodyContact.pdf	200	2284348	https://cdn4.sportngin.com/attachments/document/55c1-2114751/IntroductiontoBodyContact.pdf	-
https://coachthem.com/blog/what-hockey-can-learn-from-lacrosse-spacing	200	109083	https://coachthem.com/blog/what-hockey-can-learn-from-lacrosse-spacing	SOFT404?
https://commons.und.edu/theses/4295/	200	8379	https://commons.und.edu/theses/4295/	-
https://coachthem.com/blog/practice-like-a-pro-100-breakout-details	200	108341	https://coachthem.com/blog/practice-like-a-pro-100-breakout-details	SOFT404?
https://doi.org/10.1037/bul0000335	200	1029	https://doi.apa.org/doi/10.1037/bul0000335	-
https://cdn4.sportngin.com/attachments/document/3b59-3498251/USAH_AmericanHockeyHandbook_2025-26.pdf	200	11032480	https://cdn4.sportngin.com/attachments/document/3b59-3498251/USAH_AmericanHockeyHandbook_2025-26.pdf	-
https://cs.uwaterloo.ca/~brecht/papers/linhac-2025-part-1.pdf	200	270083	https://cs.uwaterloo.ca/~brecht/papers/linhac-2025-part-1.pdf	-
https://doi.org/10.1016/j.edurev.2023.100537	200	2724	https://linkinghub.elsevier.com/retrieve/pii/S1747938X23000301	-
https://cdn4.sportngin.com/attachments/document/0138/6193/HUH_Program_Guide_FINAL.pdf	403	18135	https://cdn4.sportngin.com/attachments/document/0138/6193/HUH_Program_Guide_FINAL.pdf (retry 200	-
https://doi.org/10.1007/s10648-025-10006-6	200	97362	https://link.springer.com/article/10.1007/s10648-025-10006-6?error=cookies_not_supported&code=ba3a2996-32d1-4199-8147-4013db2ad50d	-
https://doi.org/10.1080/02640414.2024.2433899	200	15251	https://www.tandfonline.com/action/cookieAbsent	-
https://dal.scholaris.ca/items/9c0b8879-b0ec-4a52-b8f3-258ff264cafc	200	73701	https://dal.scholaris.ca/items/9c0b8879-b0ec-4a52-b8f3-258ff264cafc	SOFT404?
https://doi.org/10.1007/s10648-024-09892-z	200	226528	https://link.springer.com/article/10.1007/s10648-024-09892-z?error=cookies_not_supported&code=e956ba26-3254-4815-91b2-b8c8a3e29af1	-
https://doi.org/10.1080/02701367.2000.10608920	200	15294	https://www.tandfonline.com/action/cookieAbsent	-
https://doi.org/10.1123/jsep.17.2.117	200	29373	https://journals.humankinetics.com/view/journals/jsep/17/2/article-p117.xml	-
https://doi.org/10.1080/15438629809512531	200	15248	https://www.tandfonline.com/action/cookieAbsent	-
https://doi.org/10.1123/jsep.33.1.146	200	29574	https://journals.humankinetics.com/view/journals/jsep/33/1/article-p146.xml	-
https://doi.org/10.1080/1750984X.2012.723728	200	15205	https://www.tandfonline.com/action/cookieAbsent	-
https://doi.org/10.1111/j.1539-6053.2009.01038.x	200	14244	https://journals.sagepub.com/action/cookieAbsent	-
https://doi.org/10.1177/1745691615569000	200	14264	https://journals.sagepub.com/action/cookieAbsent	-
https://doi.org/10.1098/rsos.190327	403	3403	https://royalsocietypublishing.org/doi/10.1098/rsos.190327 (retry 403	-
https://doi.org/10.1177/1745691616635600	200	14279	https://journals.sagepub.com/action/cookieAbsent	-
https://cdn.hockeycanada.ca/hockey-canada/Hockey-Programs/Officiating/Downloads/2026-28-hc-rulebook-e.pdf	200	30185748	https://cdn.hockeycanada.ca/hockey-canada/Hockey-Programs/Officiating/Downloads/2026-28-hc-rulebook-e.pdf	-
https://doi.org/10.2478/hukin-2022-0045	200	26107	https://jhk.termedia.pl/Training-with-a-Heavy-Puck-Elicits-a-Higher-Increase-of-Shooting-Speed-Than-Unloaded,158706,0,2.html	-
https://en.wikipedia.org/wiki/2-1-2_forecheck	200	15824	https://en.wikipedia.org/wiki/2-1-2_forecheck	-
https://doi.org/10.1177/19417381251415412	200	14223	https://journals.sagepub.com/action/cookieAbsent	-
https://en.wikipedia.org/wiki/Captain_(ice_hockey	404	10665	https://en.wikipedia.org/wiki/Captain_(ice_hockey	-
https://en.wikipedia.org/wiki/Analytics_(ice_hockey	404	10669	https://en.wikipedia.org/wiki/Analytics_(ice_hockey	-
https://en.wikipedia.org/wiki/Butterfly_style	200	29183	https://en.wikipedia.org/wiki/Butterfly_style	-
https://en.wikipedia.org/wiki/Attentional_control	200	59386	https://en.wikipedia.org/wiki/Attentional_control	-
https://en.wikipedia.org/wiki/Choking_under_pressure	200	92398	https://en.wikipedia.org/wiki/Choking_under_pressure	-
https://en.wikipedia.org/wiki/Expected_goals	200	55402	https://en.wikipedia.org/wiki/Expected_goals	-
https://doi.org/10.1520/STP15246S	403	3473	https://dl.astm.org/stps/book/754/chapter/123789/A-Profile-of-Rule-Infractions-in-Bantam-Level-Ice (retry 403	-
https://doi.org/10.1520/STP24041S	403	3485	https://dl.astm.org/stps/book/457/chapter/88703/Effects-of-Body-Checking-in-the-Pee-Wee-12-and-13 (retry 403	-
https://en.wikipedia.org/wiki/Corsi_(statistic	404	10655	https://en.wikipedia.org/wiki/Corsi_(statistic	-
https://en.wikipedia.org/wiki/Goals_against_average	200	18617	https://en.wikipedia.org/wiki/Goals_against_average	-
https://doi.org/10.3758/bf03212979	200	87610	https://link.springer.com/article/10.3758/BF03212979?error=cookies_not_supported&code=799e8d6c-7f82-47df-ada0-d04d88c2fd35	-
https://en.wikipedia.org/wiki/Hand_pass	200	22465	https://en.wikipedia.org/wiki/Hand_pass	-
https://en.wikipedia.org/wiki/Hockey_stop	200	18359	https://en.wikipedia.org/wiki/Hockey_stop	-
https://en.wikipedia.org/wiki/Fighting_in_ice_hockey	200	84272	https://en.wikipedia.org/wiki/Fighting_in_ice_hockey	-
https://en.wikipedia.org/wiki/Ice_hockey_rink	200	32468	https://en.wikipedia.org/wiki/Ice_hockey_rink	-
https://en.wikipedia.org/wiki/Left_wing_lock	200	20384	https://en.wikipedia.org/wiki/Left_wing_lock	-
https://en.wikipedia.org/wiki/Neutral_zone_trap	200	21883	https://en.wikipedia.org/wiki/Neutral_zone_trap	-
https://en.wikipedia.org/wiki/Save_percentage	200	16010	https://en.wikipedia.org/wiki/Save_percentage	-
https://en.wikipedia.org/wiki/Saucer_pass	200	20388	https://en.wikipedia.org/wiki/Saucer_pass	-
https://en.wikipedia.org/wiki/Fenwick_(statistic	404	10658	https://en.wikipedia.org/wiki/Fenwick_(statistic	-
https://en.wikipedia.org/wiki/Extra_attacker	200	27286	https://en.wikipedia.org/wiki/Extra_attacker	-
https://en.wikipedia.org/wiki/Self-efficacy	200	92408	https://en.wikipedia.org/wiki/Self-efficacy	-
https://en.wikipedia.org/wiki/Goaltender	200	87827	https://en.wikipedia.org/wiki/Goaltender	-
https://en.wikipedia.org/wiki/Icing_(ice_hockey	404	10671	https://en.wikipedia.org/wiki/Icing_(ice_hockey	-
https://en.wikipedia.org/wiki/Line_(ice_hockey	404	10665	https://en.wikipedia.org/wiki/Line_(ice_hockey	-
https://en.wikipedia.org/wiki/Plus-minus_(ice_hockey	404	10680	https://en.wikipedia.org/wiki/Plus-minus_(ice_hockey	-
https://en.wikipedia.org/wiki/Yerkes%E2%80%93Dodson_law	200	23599	https://en.wikipedia.org/wiki/Yerkes%E2%80%93Dodson_law	-
https://en.wikipedia.org/wiki/Offside_(ice_hockey	404	10674	https://en.wikipedia.org/wiki/Offside_(ice_hockey	-
https://en.wikipedia.org/wiki/Two-line_pass	200	30150	https://en.wikipedia.org/wiki/Two-line_pass	-
https://europepmc.org/article/MED/36159342	200	8203	https://europepmc.org/article/MED/36159342	-
https://en.wikipedia.org/wiki/Practice_(learning_method	404	10679	https://en.wikipedia.org/wiki/Practice_(learning_method	-
https://europepmc.org/article/MED/37734743	200	8203	https://europepmc.org/article/MED/37734743	-
https://europepmc.org/article/MED/39256936	200	8202	https://europepmc.org/article/MED/39256936	-
https://europepmc.org/article/MED/39551738	200	8203	https://europepmc.org/article/MED/39551738	-
https://europepmc.org/article/MED/35949380	200	8203	https://europepmc.org/article/MED/35949380	-
https://europepmc.org/article/MED/37999430	200	8202	https://europepmc.org/article/MED/37999430	-
https://europepmc.org/article/MED/40249909	200	8202	https://europepmc.org/article/MED/40249909	-
https://europepmc.org/article/MED/40267420	200	8203	https://europepmc.org/article/MED/40267420	-
https://europepmc.org/article/MED/40513717	200	8203	https://europepmc.org/article/MED/40513717	-
https://europepmc.org/article/MED/39654844	200	8203	https://europepmc.org/article/MED/39654844	-
https://europepmc.org/article/MED/12239001	200	8202	https://europepmc.org/article/MED/12239001	-
https://europepmc.org/article/MED/40653669	200	8202	https://europepmc.org/article/MED/40653669	-
https://europepmc.org/article/MED/36517860	200	8202	https://europepmc.org/article/MED/36517860	-
https://europepmc.org/article/MED/36457463	200	8203	https://europepmc.org/article/MED/36457463	-
https://europepmc.org/article/MED/40827942	200	8203	https://europepmc.org/article/MED/40827942	-
https://europepmc.org/article/MED/40843917	200	8203	https://europepmc.org/article/MED/40843917	-
https://europepmc.org/article/MED/41201748	200	8203	https://europepmc.org/article/MED/41201748	-
https://europepmc.org/article/MED/40741926	200	8203	https://europepmc.org/article/MED/40741926	-
https://europepmc.org/article/MED/41150478	200	8203	https://europepmc.org/article/MED/41150478	-
https://europepmc.org/article/MED/39132412	200	8203	https://europepmc.org/article/MED/39132412	-
https://europepmc.org/article/MED/41227002	200	8203	https://europepmc.org/article/MED/41227002	-
https://europepmc.org/article/MED/37316210	200	8203	https://europepmc.org/article/MED/37316210	-
https://europepmc.org/article/MED/11292035	200	8203	https://europepmc.org/article/MED/11292035	-
https://europepmc.org/article/MED/38335067	200	8203	https://europepmc.org/article/MED/38335067	-
https://europepmc.org/article/MED/41272920	200	8203	https://europepmc.org/article/MED/41272920	-
https://europepmc.org/article/MED/41490103	200	8203	https://europepmc.org/article/MED/41490103	-
https://europepmc.org/article/MED/39664208	200	8203	https://europepmc.org/article/MED/39664208	-
https://europepmc.org/article/MED/40863784	200	8202	https://europepmc.org/article/MED/40863784	-
https://europepmc.org/article/MED/41693319	200	8203	https://europepmc.org/article/MED/41693319	-
https://europepmc.org/article/MED/41845491	200	8203	https://europepmc.org/article/MED/41845491	-
https://europepmc.org/article/MED/41893607	200	8203	https://europepmc.org/article/MED/41893607	-
https://europepmc.org/article/MED/41925829	200	8203	https://europepmc.org/article/MED/41925829	-
https://europepmc.org/article/MED/41305679	200	8202	https://europepmc.org/article/MED/41305679	-
https://europepmc.org/article/MED/41583230	200	8203	https://europepmc.org/article/MED/41583230	-
https://europepmc.org/article/MED/42043068	200	8203	https://europepmc.org/article/MED/42043068	-
https://europepmc.org/article/MED/41441433	200	8202	https://europepmc.org/article/MED/41441433	-
https://europepmc.org/article/MED/41945463	200	8203	https://europepmc.org/article/MED/41945463	-
https://europepmc.org/article/MED/41546061	200	8202	https://europepmc.org/article/MED/41546061	-
https://europepmc.org/article/MED/41947288	200	8203	https://europepmc.org/article/MED/41947288	-
https://europepmc.org/article/MED/42194413	200	8202	https://europepmc.org/article/MED/42194413	-
https://europepmc.org/article/MED/42266238	200	8203	https://europepmc.org/article/MED/42266238	-
https://europepmc.org/article/MED/41657371	200	8202	https://europepmc.org/article/MED/41657371	-
https://europepmc.org/article/MED/41892386	200	8203	https://europepmc.org/article/MED/41892386	-
https://evolving-hockey.com/glossary/	200	38097	https://evolving-hockey.com/glossary/	R26 refetched: 'score adjusted using the method developed by Micah Blake McCurdy' located in the Score Adjustments entry (bylined Luke Younggren) - McCurdy credit confirmed as the site's own
https://evolving-hockey.com/glossary/score-adjustments/	200	10455	https://evolving-hockey.com/glossary/score-adjustments/	-
https://findhockey.usahockey.com/	200	2093	https://findhockey.usahockey.com/	-
https://givengohockey.com/blogs/blog-post/what-is-deception-in-hockey-how-to-add-fakes-and-deception-to-your-game	200	49944	https://givengohockey.com/blogs/blog-post/what-is-deception-in-hockey-how-to-add-fakes-and-deception-to-your-game	-
https://europepmc.org/article/MED/41527183	200	8203	https://europepmc.org/article/MED/41527183	-
https://europepmc.org/article/MED/41574355	200	8203	https://europepmc.org/article/MED/41574355	-
https://europepmc.org/article/MED/42463116	200	8203	https://europepmc.org/article/MED/42463116	-
https://europepmc.org/article/MED/41931369	200	8204	https://europepmc.org/article/MED/41931369	-
https://gwern.net/doc/psychology/2014-macnamara.pdf	200	1529594	https://gwern.net/doc/psychology/2014-macnamara.pdf	-
https://galea.medium.com/when-to-pull-the-goalie-running-the-numbers-on-nhl-goalie-pulls-9fad2a6caceb	200	68727	https://galea.medium.com/when-to-pull-the-goalie-running-the-numbers-on-nhl-goalie-pulls-9fad2a6caceb	-
https://europepmc.org/article/MED/41981827	200	8203	https://europepmc.org/article/MED/41981827	-
https://gwulf.faculty.unlv.edu/wp-content/uploads/2018/11/Wulf_AF_review_2013.pdf	200	343592	https://gwulf.faculty.unlv.edu/wp-content/uploads/2018/11/Wulf_AF_review_2013.pdf	-
https://hecc.org/	200	91659	https://hecc.org/	R26 refetched: '501(c)(3) non-profit organization that was created at the request of USA Hockey in 1978' located in rendered body
https://goaliecoaches.com/the-royal-road-what-is-it-and-how-can-goalies-improve-their-chances/	200	26303	https://goaliecoaches.com/the-royal-road-what-is-it-and-how-can-goalies-improve-their-chances/	-
https://hockey-graphs.com/2015/01/15/the-relationship-between-corsi-and-winning-faceoffs/	200	29667	https://hockey-graphs.com/2015/01/15/the-relationship-between-corsi-and-winning-faceoffs/	-
https://hecc.org/for-consumers/hecc-neck-laceration-protector-expiration-date-correction/	200	72208	https://hecc.org/for-consumers/hecc-neck-laceration-protector-expiration-date-correction/	R26 refetched: 'incorrectly communicated as seven (7) years' and 'five (5) years from the date of manufacture' located verbatim
https://hockey-graphs.com/2015/03/02/the-goal-impact-of-even-strength-faceoffs-for-nhls-top-100-faceoff-centres/	200	30737	https://hockey-graphs.com/2015/03/02/the-goal-impact-of-even-strength-faceoffs-for-nhls-top-100-faceoff-centres/	-
https://hecc.org/for-consumers/important-notices-regarding-labels/	200	16780	https://hecc.org/for-consumers/important-notices-regarding-labels/	-
https://hockey-graphs.com/2016/03/04/quantifying-the-importance-of-handedness/	200	32892	https://hockey-graphs.com/2016/03/04/quantifying-the-importance-of-handedness/	-
https://hecc.org/product-certification/about-product-certification-testing/	200	76054	https://hecc.org/product-certification/about-product-certification-testing/	R26 refetched: ASTM F1045 / F1587 / F513 located; page gives F513 title as 'Standard Safety Specification', corpus table uses ASTM's current title without 'Safety'
https://hockey-graphs.com/2016/09/06/weighted-shot-rates-based-on-the-passing-project/	200	31154	https://hockey-graphs.com/2016/09/06/weighted-shot-rates-based-on-the-passing-project/	-
https://hockey-graphs.com/2019/07/30/why-possession-is-the-key-to-zone-exits/	200	32910	https://hockey-graphs.com/2019/07/30/why-possession-is-the-key-to-zone-exits/	-
https://hockey-graphs.com/2020/03/26/introducing-offensive-sequences-and-the-hockey-decision-tree/	200	33678	https://hockey-graphs.com/2020/03/26/introducing-offensive-sequences-and-the-hockey-decision-tree/	-
https://europepmc.org/article/MED/42362109	200	8203	https://europepmc.org/article/MED/42362109	-
https://hockey-graphs.com/2020/05/18/the-state-of-goalie-pulling-in-the-nhl/	200	38655	https://hockey-graphs.com/2020/05/18/the-state-of-goalie-pulling-in-the-nhl/	-
https://hecc.org/product-certification/certified-equipment/	200	133896	https://hecc.org/product-certification/certified-equipment/	R26 refetched: neck-laceration rows show 'ISO/DIS 10256-5' and 'BNQ 9415-370/2007 (R 2013)'; 'Eye and Face Protectors Type C' definitions located verbatim
https://europepmc.org/article/MED/42473449	200	8202	https://europepmc.org/article/MED/42473449	-
https://hockey-graphs.com/2019/08/15/expected-goals-model-with-pre-shot-movement-part-4-variable-importance/	200	36833	https://hockey-graphs.com/2019/08/15/expected-goals-model-with-pre-shot-movement-part-4-variable-importance/	-
https://hockey-graphs.com/2019/08/20/the-most-boring-possession-in-hockey-exploring-what-happens-after-nz-faceoff-wins/	200	30664	https://hockey-graphs.com/2019/08/20/the-most-boring-possession-in-hockey-exploring-what-happens-after-nz-faceoff-wins/	-
https://hockey-graphs.com/2021/04/14/how-important-are-faceoffs-to-possession-in-womens-hockey/	200	33850	https://hockey-graphs.com/2021/04/14/how-important-are-faceoffs-to-possession-in-womens-hockey/	-
https://hockey-graphs.com/2020/05/28/quantifying-the-value-of-an-nhl-timeout-using-survival-analysis-part-1/	200	46617	https://hockey-graphs.com/2020/05/28/quantifying-the-value-of-an-nhl-timeout-using-survival-analysis-part-1/	-
https://hockeyanalytics.com/Research_files/Shot_Quality.pdf	200	172041	https://hockeyanalytics.com/Research_files/Shot_Quality.pdf	-
https://hockeysarsenal.substack.com/p/a-coachs-lesson-developing-team-communication	200	30264	https://hockeysarsenal.substack.com/p/a-coachs-lesson-developing-team-communication	-
https://hockeysarsenal.substack.com/p/breakouts-center-support	200	36378	https://hockeysarsenal.substack.com/p/breakouts-center-support	-
https://europepmc.org/article/PPR/PPR1110297	200	8203	https://europepmc.org/article/PPR/PPR1110297	-
https://hockeyplayertips.blogspot.com/2008/04/how-to-play-defence-one-onone.html	200	15210	https://hockeyplayertips.blogspot.com/2008/04/how-to-play-defence-one-onone.html	-
https://hockeysarsenal.substack.com/p/line-changing-strategies	200	35383	https://hockeysarsenal.substack.com/p/line-changing-strategies	-
https://hockeysarsenal.substack.com/p/enter-the-offensive-zone-with-more	200	35742	https://hockeysarsenal.substack.com/p/enter-the-offensive-zone-with-more	-
https://hockeysarsenal.substack.com/p/flipped-handed-faceoffs	200	33519	https://hockeysarsenal.substack.com/p/flipped-handed-faceoffs	-
https://hockeyinstitute.org/high-performance-skating/	200	87920	https://hockeyinstitute.org/high-performance-skating/	-
https://hockey.sensearena.com/resources/hockey-iq-hub/nhl-sense-arenas-top-5-drills-for-building-elite-hockey-iq	200	20371	https://hockey.sensearena.com/resources/hockey-iq-hub/nhl-sense-arenas-top-5-drills-for-building-elite-hockey-iq	-
https://hockeysarsenal.substack.com/p/visual-spatial-and-temporal-occlusion	200	32570	https://hockeysarsenal.substack.com/p/visual-spatial-and-temporal-occlusion	-
https://hockeysarsenal.substack.com/p/shot-quantity-or-shot-quality	200	34081	https://hockeysarsenal.substack.com/p/shot-quantity-or-shot-quality	-
https://hockeysarsenal.substack.com/p/puckhandling-technique-top-and-bottom-hands	200	28643	https://hockeysarsenal.substack.com/p/puckhandling-technique-top-and-bottom-hands	-
https://hockeysarsenal.substack.com/p/weakside-winger-breakout-the-slash	200	33214	https://hockeysarsenal.substack.com/p/weakside-winger-breakout-the-slash	-
https://hockeysarsenal.substack.com/p/the-space-is-in-front-or-behind	200	33683	https://hockeysarsenal.substack.com/p/the-space-is-in-front-or-behind	-
https://hockeysarsenal.substack.com/p/zone-entry-middle-delay	200	29927	https://hockeysarsenal.substack.com/p/zone-entry-middle-delay	-
https://hockeysarsenal.substack.com/p/for-better-forechecking	200	36401	https://hockeysarsenal.substack.com/p/for-better-forechecking	-
https://howtohockey.com/deke-of-the-week-3-fakes/	200	25066	https://howtohockey.com/deke-of-the-week-3-fakes/	-
https://howtohockey.com/12-pro-face-off-tips/	200	26005	https://howtohockey.com/12-pro-face-off-tips/	-
https://howtohockey.com/five-breakout-plays-every-hockey-player-should-know/	200	28580	https://howtohockey.com/five-breakout-plays-every-hockey-player-should-know/	-
https://hoopsking.com/blogs/ice-hockey/hockey-forecheck-systems	200	92255	https://hoopsking.com/blogs/ice-hockey/hockey-forecheck-systems	-
https://howtohockey.com/defensemens-guide-to-the-pinch/	403	373	https://howtohockey.com/defensemens-guide-to-the-pinch/ (retry 403	-
https://hockeyshot.com/blogs/training-academy/making-perfect-passes	200	82477	https://hockeyshot.com/blogs/training-academy/making-perfect-passes	-
https://howtohockey.com/crash-course-fitting-hockey-equipment/	403	373	https://howtohockey.com/crash-course-fitting-hockey-equipment/ (retry 403	-
https://howtohockey.com/deke-of-the-week-protecting-the-puck/	403	373	https://howtohockey.com/deke-of-the-week-protecting-the-puck/ (retry 403	-
https://howtohockey.com/deke-of-the-week-8-toe-drag/	403	373	https://howtohockey.com/deke-of-the-week-8-toe-drag/ (retry 403	-
https://howtohockey.com/how-to-perform-backwards-crossovers-step-by-step-instruction/	200	26447	https://howtohockey.com/how-to-perform-backwards-crossovers-step-by-step-instruction/	-
https://howtohockey.com/hockey-stick-curve-guide/	403	373	https://howtohockey.com/hockey-stick-curve-guide/ (retry 403	-
https://hockeyshot.com/blogs/training-academy/four-types-of-shots	200	91180	https://hockeyshot.com/blogs/training-academy/four-types-of-shots	-
https://howtohockey.com/how-to-stickhandle/	200	28507	https://howtohockey.com/how-to-stickhandle/	-
https://howtohockey.com/how-to-clean-hockey-equipment/	403	374	https://howtohockey.com/how-to-clean-hockey-equipment/ (retry 403	-
https://howtohockey.com/hockey-products/hockey-shooting-pad-information/	200	19591	https://howtohockey.com/hockey-products/hockey-shooting-pad-information/	-
https://howtohockey.com/how-to-deke-in-hockey/	403	373	https://howtohockey.com/how-to-deke-in-hockey/ (retry 403	-
https://hhs.purdue.edu/skill-learning-and-performance-lab/wp-content/uploads/sites/43/2024/08/macnamara-et-al-2016-the-relationship-between-deliberate-practice-and-performance-in-sports-a-meta-analysis.pdf	200	1574702	https://hhs.purdue.edu/skill-learning-and-performance-lab/wp-content/uploads/sites/43/2024/08/macnamara-et-al-2016-the-relationship-between-deliberate-practice-and-performance-in-sports-a-meta-analysis.pdf	-
https://howtohockey.com/how-to-take-a-snapshot-in-hockey/	200	26515	https://howtohockey.com/how-to-take-a-snapshot-in-hockey/	-
https://howtohockey.com/how-to-tape-a-hockey-stick/	200	25247	https://howtohockey.com/how-to-tape-a-hockey-stick/	-
https://howtohockey.com/how-to-win-faceoffs-in-hockey-face-off-tips/	200	27184	https://howtohockey.com/how-to-win-faceoffs-in-hockey-face-off-tips/	-
https://howtohockey.com/playing-the-angles-in-defense/	200	25273	https://howtohockey.com/playing-the-angles-in-defense/	-
https://howtohockey.com/the-role-of-a-winger-in-hockey/	200	28453	https://howtohockey.com/the-role-of-a-winger-in-hockey/	-
https://howtohockey.com/tips-to-safely-block-a-shot-in-hockey/	200	25288	https://howtohockey.com/tips-to-safely-block-a-shot-in-hockey/	-
https://howtohockey.com/how-to-hit-properly/	403	374	https://howtohockey.com/how-to-hit-properly/ (retry 403	-
https://howtohockey.com/how-to-play-defense-roles-responsibilities/	403	373	https://howtohockey.com/how-to-play-defense-roles-responsibilities/ (retry 403	-
https://howtohockey.com/how-to-saucer-pass/	403	374	https://howtohockey.com/how-to-saucer-pass/ (retry 403	-
https://icehockeymoms.com/how-to-play-right-wing-in-hockey/	200	67297	https://icehockeymoms.com/how-to-play-right-wing-in-hockey/	-
https://ivyhockey.com/how-to-execute-the-cycle-in-the-offensive-zone/	200	56215	https://ivyhockey.com/how-to-execute-the-cycle-in-the-offensive-zone/	-
https://ingoalmag.com/2018/06/29/how-sweden-invented-the-rvh/	200	47053	https://ingoalmag.com/2018/06/29/how-sweden-invented-the-rvh/	-
https://icehockeysystems.com/blog/coaching-tips/winning-entry-how-nhl-power-plays-gain-zone	200	14169	https://www.icehockeysystems.com/blog/coaching-tips/winning-entry-how-nhl-power-plays-gain-zone	-
https://howtohockey.com/new-skate-prep-bake-new-skates/	403	373	https://howtohockey.com/new-skate-prep-bake-new-skates/ (retry 403	-
https://icehockeyman.com/2026/06/18/what-is-time-and-space-in-hockey-ihm/	200	114203	https://icehockeyman.com/2026/06/18/what-is-time-and-space-in-hockey-ihm/	-
https://ingoalmag.com/2021/05/16/a-guide-to-the-data-of-clear-sight-analytics-csa/	200	39623	https://ingoalmag.com/2021/05/16/a-guide-to-the-data-of-clear-sight-analytics-csa/	-
https://jetsnation.ca/news/systems-analysis-what-is-tracking-above-the-puck	200	34302	https://jetsnation.ca/news/systems-analysis-what-is-tracking-above-the-puck	-
https://ingoalmag.com/2023/06/08/the-modern-understanding-of-tracking/	200	46071	https://ingoalmag.com/2023/06/08/the-modern-understanding-of-tracking/	-
https://jenlc13.wordpress.com/2016/04/11/crucial-habits-shot-generation-controlled-zone-exits/	200	36741	https://jenlc13.wordpress.com/2016/04/11/crucial-habits-shot-generation-controlled-zone-exits/	-
https://ingoalmag.com/2021/09/04/prioritizing-depth-over-angle/	200	214451	https://ingoalmag.com/2021/09/04/prioritizing-depth-over-angle/	R26 refetched: 'Philadelphia Flyers goalie development coach Brady Robinson' located verbatim; article now PAYWALLED after the teaser, so the depth-before-angle mechanism the corpus states is unreachable, not absent. Author David Hutchison
https://jhanhky.substack.com/p/man-on-man-vs-zone-defense	200	35808	https://jhanhky.substack.com/p/man-on-man-vs-zone-defense	-
https://ingoalmag.com/2020/12/30/pro-tips-why-tuukka-rask-uses-shin-on-post-for-reverse-vh/	200	46499	https://ingoalmag.com/2020/12/30/pro-tips-why-tuukka-rask-uses-shin-on-post-for-reverse-vh/	-
https://howtohockey.com/improve-your-1-on-1-defense/	403	373	https://howtohockey.com/improve-your-1-on-1-defense/ (retry 403	-
https://ivyhockey.com/net-front-screening-tactics-to-score-more-goals/	200	59237	https://ivyhockey.com/net-front-screening-tactics-to-score-more-goals/	-
https://journals.plos.org/plosone/article?id=10.1371/journal.pone.0127324	200	43446	https://journals.plos.org/plosone/article?id=10.1371/journal.pone.0127324	-
https://ivyhockey.com/penalty-kill/	200	55949	https://ivyhockey.com/penalty-kill/	-
https://journals.plos.org/plosone/article?id=10.1371/journal.pone.0037494	200	54977	https://journals.plos.org/plosone/article?id=10.1371/journal.pone.0037494	-
https://ivyhockey.com/when-and-how-defensemen-should-pinch-in-the-offensive-zone/	200	54945	https://ivyhockey.com/when-and-how-defensemen-should-pinch-in-the-offensive-zone/	-
https://journals.plos.org/plosone/article?id=10.1371/journal.pone.0220878	200	53472	https://journals.plos.org/plosone/article?id=10.1371/journal.pone.0220878	-
https://laws-lois.justice.gc.ca/eng/regulations/SOR-2016-186/page-1.html	200	17475	https://laws-lois.justice.gc.ca/eng/regulations/SOR-2016-186/page-1.html	-
https://journals.sagepub.com/doi/abs/10.1177/1745691616635591	200	14243	https://journals.sagepub.com/action/cookieAbsent	-
https://journals.sagepub.com/doi/abs/10.1177/1745691611413136	200	14243	https://journals.sagepub.com/action/cookieAbsent	-
https://link.springer.com/article/10.1007/s11469-020-00467-x	200	123479	https://link.springer.com/article/10.1007/s11469-020-00467-x?error=cookies_not_supported&code=32589615-97ce-406f-a809-a390ee7c06ce	-
https://lookupline.org/heads-up-dont-duck/	200	10534	https://lookupline.org/heads-up-dont-duck/	-
https://journals.plos.org/plosone/article?id=10.1371/journal.pone.0247067	200	54661	https://journals.plos.org/plosone/article?id=10.1371/journal.pone.0247067	-
https://journals.sagepub.com/doi/10.1177/1948550616644656	200	14188	https://journals.sagepub.com/action/cookieAbsent	-
https://media.d3.nhle.com/image/private/t_document/prd/slwjuaqwmuvj5bkplixo.pdf	200	21695323	https://media.d3.nhle.com/image/private/t_document/prd/slwjuaqwmuvj5bkplixo.pdf	-
https://mcgill.scholaris.ca/items/444528f0-8334-456c-a354-b7141b45759e	200	76769	https://mcgill.scholaris.ca/items/444528f0-8334-456c-a354-b7141b45759e	SOFT404?
https://members.thecoachessite.com/article/3-drills-to-teach-gap-control-with-your-defensemen	200	30776	https://members.thecoachessite.com/article/3-drills-to-teach-gap-control-with-your-defensemen	-
https://members.thecoachessite.com/article/being-on-the-right-side-of-the-puck-in-the-offensive-zone	200	31247	https://members.thecoachessite.com/article/being-on-the-right-side-of-the-puck-in-the-offensive-zone	-
https://members.thecoachessite.com/article/defending-the-neutral-zone-on-the-penalty-kill-1-3-passive-approach	200	30954	https://members.thecoachessite.com/article/defending-the-neutral-zone-on-the-penalty-kill-1-3-passive-approach	-
https://members.thecoachessite.com/article/hockey-101-center-position	200	30072	https://members.thecoachessite.com/article/hockey-101-center-position	-
https://members.thecoachessite.com/article/keys-to-defending-your-blue-line-entrance-into-your-own-end-of-the-rink	200	31037	https://members.thecoachessite.com/article/keys-to-defending-your-blue-line-entrance-into-your-own-end-of-the-rink	-
https://members.thecoachessite.com/article/explained-1-3-1-power-play-formation	200	31354	https://members.thecoachessite.com/article/explained-1-3-1-power-play-formation	-
https://members.thecoachessite.com/article/explained-wedge-penalty-kill-formation	200	31610	https://members.thecoachessite.com/article/explained-wedge-penalty-kill-formation	-
https://members.thecoachessite.com/article/3-hockey-practice-drills-to-create-time-and-space-on-the-ice	200	22015	https://members.thecoachessite.com/view/paywall/display.php?videos_id=1389	-
https://members.thecoachessite.com/article/sagging-zone-defensive-coverage-a-breakdown	200	31014	https://members.thecoachessite.com/article/sagging-zone-defensive-coverage-a-breakdown	-
https://members.thecoachessite.com/article/explained-1-2-2-neutral-zone-forecheck	200	31191	https://members.thecoachessite.com/article/explained-1-2-2-neutral-zone-forecheck	-
https://moneypuck.com/about.htm	200	11168	https://moneypuck.com/about.htm	-
https://membership.usahockey.com/	200	8235	https://membership.usahockey.com/	-
https://moneypuck.com/glossary.htm	200	6037	https://moneypuck.com/glossary.htm	-
https://members.thecoachessite.com/article/how-barry-smith-s-left-wing-lock-changed-hockey-forever	200	38663	https://members.thecoachessite.com/article/how-barry-smith-s-left-wing-lock-changed-hockey-forever	-
https://members.thecoachessite.com/article/goalie-breakout-calls-1	200	31327	https://members.thecoachessite.com/article/goalie-breakout-calls-1	-
https://notesfromtherafters.substack.com/p/proving-tulsky-right-zone-entries	200	30256	https://notesfromtherafters.substack.com/p/proving-tulsky-right-zone-entries	-
https://members.thecoachessite.com/article/ozfc-1-2-2	200	31332	https://members.thecoachessite.com/article/ozfc-1-2-2	-
https://members.thecoachessite.com/article/ozfc-1-1-3	200	31375	https://members.thecoachessite.com/article/ozfc-1-1-3	-
https://ntchockey.com/hockey-skating-stride-mechanics-glide-recovery-and-extension/	200	32684	https://ntchockey.com/hockey-skating-stride-mechanics-glide-recovery-and-extension/	-
https://pmc.ncbi.nlm.nih.gov/articles/PMC12009345/	200	52085	https://pmc.ncbi.nlm.nih.gov/articles/PMC12009345/	-
https://playbook7.weebly.com/breakout-options.html	200	14110	https://playbook7.weebly.com/breakout-options.html	-
https://ojs.ub.uni-konstanz.de/cpa/article/view/2985	200	2786	https://ojs.ub.uni-konstanz.de/cpa/article/view/2985	-
https://members.thecoachessite.com/article/the-lost-art-of-neutral-zone-play-in-modern-hockey	200	31763	https://members.thecoachessite.com/article/the-lost-art-of-neutral-zone-play-in-modern-hockey	-
https://members.thecoachessite.com/article/shot-distribution-the-importance-of-getting-shots-from-high-quality-areas-as-illustrated-by-the-4-nations-face-off-championship-game	200	33925	https://members.thecoachessite.com/article/shot-distribution-the-importance-of-getting-shots-from-high-quality-areas-as-illustrated-by-the-4-nations-face-off-championship-game	-
https://pmc.ncbi.nlm.nih.gov/articles/PMC12856364/	200	37948	https://pmc.ncbi.nlm.nih.gov/articles/PMC12856364/	-
https://pubmed.ncbi.nlm.nih.gov/11219498/	200	22213	https://pubmed.ncbi.nlm.nih.gov/11219498/	-
https://pubmed.ncbi.nlm.nih.gov/10368368/	200	22556	https://pubmed.ncbi.nlm.nih.gov/10368368/	-
https://pubmed.ncbi.nlm.nih.gov/11733126/	200	22675	https://pubmed.ncbi.nlm.nih.gov/11733126/	-
https://pubmed.ncbi.nlm.nih.gov/1034909/	200	20520	https://pubmed.ncbi.nlm.nih.gov/1034909/	-
https://pubmed.ncbi.nlm.nih.gov/15063049/	200	21285	https://pubmed.ncbi.nlm.nih.gov/15063049/	-
https://pubmed.ncbi.nlm.nih.gov/1517252/	200	20827	https://pubmed.ncbi.nlm.nih.gov/1517252/	-
https://members.thecoachessite.com/article/ozfc-2-1-2	200	31183	https://members.thecoachessite.com/article/ozfc-2-1-2	-
https://myhockeyschools.com/articles/advanced-faceoff-moves-and-strategies-deception-and-reading-opponents	200	50513	https://www.myhockeyschools.com/articles/advanced-faceoff-moves-and-strategies-deception-and-reading-opponents	-
https://pubmed.ncbi.nlm.nih.gov/11757876/	200	20550	https://pubmed.ncbi.nlm.nih.gov/11757876/	-
https://pubmed.ncbi.nlm.nih.gov/17516812/	200	21140	https://pubmed.ncbi.nlm.nih.gov/17516812/	-
https://pubmed.ncbi.nlm.nih.gov/28557852/	200	8032	https://pubmed.ncbi.nlm.nih.gov/28557852/	-
https://pubmed.ncbi.nlm.nih.gov/31097450/	200	8031	https://pubmed.ncbi.nlm.nih.gov/31097450/	-
https://pubmed.ncbi.nlm.nih.gov/33203240/	200	8036	https://pubmed.ncbi.nlm.nih.gov/33203240/	-
https://pubmed.ncbi.nlm.nih.gov/35623448/	200	8032	https://pubmed.ncbi.nlm.nih.gov/35623448/	-
https://pubmed.ncbi.nlm.nih.gov/36817990/	200	8036	https://pubmed.ncbi.nlm.nih.gov/36817990/	-
https://pubmed.ncbi.nlm.nih.gov/38451112/	200	8038	https://pubmed.ncbi.nlm.nih.gov/38451112/	-
https://pubmed.ncbi.nlm.nih.gov/39480294/	200	8036	https://pubmed.ncbi.nlm.nih.gov/39480294/	-
https://pubmed.ncbi.nlm.nih.gov/29471669/	200	21709	https://pubmed.ncbi.nlm.nih.gov/29471669/	-
https://register.hockeycanada.ca/register	200	1779	https://register.hockeycanada.ca/register	-
https://pubmed.ncbi.nlm.nih.gov/21985216/	200	23269	https://pubmed.ncbi.nlm.nih.gov/21985216/	-
https://puckplusplus.com/2013/09/21/do-defensemen-play-worse-on-their-off-hand/	200	34528	https://puckplusplus.com/2013/09/21/do-defensemen-play-worse-on-their-off-hand/	-
https://records.nhl.com/history/historical-rule-changes	200	1740	https://records.nhl.com/history/historical-rule-changes	-
https://puckcast.ai/high-danger-chances-hockey	200	11655	https://puckcast.ai/high-danger-chances-hockey	SOFT404?
https://rsfperformance.ca/2023/07/diving-into-the-three-main-d-zone-coverages-in-modern-hockey/	200	41602	https://rsfperformance.ca/2023/07/diving-into-the-three-main-d-zone-coverages-in-modern-hockey/	-
https://scoutingtherefs.com/2020/09/29905/puck-over-glass-penalty-wreaks-havoc-in-playoff-ots/	200	31092	https://scoutingtherefs.com/2020/09/29905/puck-over-glass-penalty-wreaks-havoc-in-playoff-ots/	-
https://scoutingtherefs.com/2017/01/16841/rule-27-puts-goaltenders-place/	200	30024	https://scoutingtherefs.com/2017/01/16841/rule-27-puts-goaltenders-place/	-
https://scoutingtherefs.com/2014/09/4571/nhl-rule-changes-2014-15/	200	34270	https://scoutingtherefs.com/2014/09/4571/nhl-rule-changes-2014-15/	-
https://scoutingtherefs.com/2023/11/42060/penalty-shots-how-do-they-work-when-are-they-called/	200	30831	https://scoutingtherefs.com/2023/11/42060/penalty-shots-how-do-they-work-when-are-they-called/	-
https://scoutingtherefs.com/2025/09/49364/nhl-rule-book-updates-for-2025-26/	200	30291	https://scoutingtherefs.com/2025/09/49364/nhl-rule-book-updates-for-2025-26/	-
https://scoutingtherefs.com/2025/12/50600/hand-pass-hysteria-whats-going-on-in-the-nhl/	200	32340	https://scoutingtherefs.com/2025/12/50600/hand-pass-hysteria-whats-going-on-in-the-nhl/	-
https://scoutingtherefs.com/nhl-rules/	200	40652	https://scoutingtherefs.com/nhl-rules/	-
https://puckplusplus.com/2014/11/11/shot-location-data-and-strategy-i-off-hand-defencemen/	200	36230	https://puckplusplus.com/2014/11/11/shot-location-data-and-strategy-i-off-hand-defencemen/	-
https://single-market-economy.ec.europa.eu/single-market/goods/european-standards/harmonised-standards/personal-protective-equipment_en	200	18199	https://single-market-economy.ec.europa.eu/single-market/goods/european-standards/harmonised-standards/personal-protective-equipment_en	-
https://scc-ccn.ca/standards/notices-of-intent/bureau-de-normalisation-du-quebec-bnq/neck-protectors-ice-hockey-and	200	45518	https://scc-ccn.ca/standards/notices-of-intent/bureau-de-normalisation-du-quebec-bnq/neck-protectors-ice-hockey-and	-
https://members.thecoachessite.com/article/sophisticated-neutral-zone-play-strategies	200	31607	https://members.thecoachessite.com/article/sophisticated-neutral-zone-play-strategies	-
https://sklep.pkn.pl/pn-en-iso-10256-2-2018-08e.html	200	22110	https://sklep.pkn.pl/pn-en-iso-10256-2-2018-08e.html	-
https://sklep.pkn.pl/pn-en-iso-10256-2-2025-06e.html	200	22186	https://sklep.pkn.pl/pn-en-iso-10256-2-2025-06e.html	-
https://ecp.ep.liu.se/index.php/linhac/article/view/1208	200	4363	https://ecp.ep.liu.se/index.php/linhac/article/view/1208	-
https://sherwoodhockey.com/products/sher-wood-5030-hof-senior-hockey-stick	200	59133	https://sherwoodhockey.com/products/sher-wood-5030-hof-senior-hockey-stick	-
https://soundofhockey.com/2025/02/02/is-there-really-a-home-ice-advantage-in-the-nhl/	200	69551	https://soundofhockey.com/2025/02/02/is-there-really-a-home-ice-advantage-in-the-nhl/	-
https://members.thecoachessite.com/article/the-problem-with-point-shots-according-to-analytics	200	32214	https://members.thecoachessite.com/article/the-problem-with-point-shots-according-to-analytics	-
https://sportmentary.com/ice-hockey/ice-hockey-basics/ice-hockey-goalie-communication-tips/	200	28926	https://sportmentary.com/ice-hockey/ice-hockey-basics/ice-hockey-goalie-communication-tips/	-
https://swifthockey.com/blogs/news/effective-communication-hockey	200	120885	https://swifthockey.com/blogs/news/effective-communication-hockey	-
https://soundofhockey.com/2022/02/16/kraken-coach-dave-hakstols-scheme-the-neutral-zone-forecheck-part-2/	200	66441	https://soundofhockey.com/2022/02/16/kraken-coach-dave-hakstols-scheme-the-neutral-zone-forecheck-part-2/	-
https://teamsgonline.com/offensive-zone-faceoff-set-play/	200	19791	https://teamsgonline.com/offensive-zone-faceoff-set-play/	-
https://soundofhockey.com/2022/03/30/kraken-coach-dave-hakstols-scheme-and-philosophies-offensive-zone-plays-part-7/	200	64755	https://soundofhockey.com/2022/03/30/kraken-coach-dave-hakstols-scheme-and-philosophies-offensive-zone-plays-part-7/	-
https://thehockeynews.com/news/news/two-years-of-research-1230-games-watched-why-neutral-zone-play-is-much-more-important-than-you-think	200	20451	https://thehockeynews.com/news/news/two-years-of-research-1230-games-watched-why-neutral-zone-play-is-much-more-important-than-you-think	-
https://thehockeynews.com/news/news/whats-the-next-dimension-of-analytics-former-nhl-goalie-steve-valiquette-knows	200	20045	https://thehockeynews.com/news/news/whats-the-next-dimension-of-analytics-former-nhl-goalie-steve-valiquette-knows	-
https://sportnz.org.nz/media/2903/concentration-model.pdf	200	192847	https://sportnz.org.nz/media/2903/concentration-model.pdf	R26 refetched: credits '(Nideffer, 1976)' - a restater, not the primary; document is framed throughout for match officials, not players; says nothing about the model 'remaining the standard framework'
https://soundofhockey.com/2022/02/21/kraken-coach-dave-hakstols-scheme-and-philosophies-defensive-zone-coverage-part-3/	200	64808	https://soundofhockey.com/2022/02/21/kraken-coach-dave-hakstols-scheme-and-philosophies-defensive-zone-coverage-part-3/	-
https://thehockeywriters.com/nhl-overtime-3-on-3-strategy-has-evolved/	200	65385	https://thehockeywriters.com/nhl-overtime-3-on-3-strategy-has-evolved/	-
https://soundofhockey.com/2026/03/31/tactics-101-owning-possession-through-the-cycle/	200	67400	https://soundofhockey.com/2026/03/31/tactics-101-owning-possession-through-the-cycle/	-
https://soundofhockey.com/2022/04/22/kraken-coach-dave-hakstols-scheme-and-philosophies-the-penalty-kill-part-8/	200	65932	https://soundofhockey.com/2022/04/22/kraken-coach-dave-hakstols-scheme-and-philosophies-the-penalty-kill-part-8/	-
https://soundofhockey.com/2022/04/27/kraken-coach-dave-hakstols-scheme-and-philosophies-the-power-play-part-9/	200	66772	https://soundofhockey.com/2022/04/27/kraken-coach-dave-hakstols-scheme-and-philosophies-the-power-play-part-9/	-
https://store.astm.org/f0513-22.html	200	297498	https://store.astm.org/f0513-22.html	-
https://thinklessplayfasterhockey.substack.com/p/teaching-puck-management	200	29060	https://thinklessplayfasterhockey.substack.com/p/teaching-puck-management	-
https://techhockeyguide.com/2022/10/17/advanced-hockey-analytics-a-primer/	200	40146	https://techhockeyguide.com/2022/10/17/advanced-hockey-analytics-a-primer/	-
https://store.astm.org/f1045-24.html	200	285284	https://store.astm.org/f1045-24.html	-
https://theplayersreport.substack.com/p/the-foundation-of-scanning	200	33215	https://theplayersreport.substack.com/p/the-foundation-of-scanning	-
https://training.rinkhive.com/2025/12/12/elite-edgework-backwards-skating-defensemen/	200	41404	https://training.rinkhive.com/2025/12/12/elite-edgework-backwards-skating-defensemen/	-
https://twolinepasshockey.wordpress.com/2017/07/19/1-3-1-neutral-zone-trap-hockey-systems-strategies-for-the-casual-fan/	200	34408	https://twolinepasshockey.wordpress.com/2017/07/19/1-3-1-neutral-zone-trap-hockey-systems-strategies-for-the-casual-fan/	-
https://us.ccmhockey.com/skateselector.html	200	38491	https://us.ccmhockey.com/skateselector.html	-
https://training.rinkhive.com/2026/03/16/defensive-zone-coverage-habits-positioning-stick-responsibility/	200	42707	https://training.rinkhive.com/2026/03/16/defensive-zone-coverage-habits-positioning-stick-responsibility/	-
https://us.ccmhockey.com/Skates/Age-Group/Senior	200	49106	https://us.ccmhockey.com/Skates/Age-Group/Senior	-
https://training.rinkhive.com/2026/02/23/deceptive-skating-head-fakes-body-language-separation/	200	40061	https://training.rinkhive.com/2026/02/23/deceptive-skating-head-fakes-body-language-separation/	-
https://training.rinkhive.com/2026/02/17/complete-hockey-passing-progression-tape-to-tape-saucer-traffic/	200	44015	https://training.rinkhive.com/2026/02/17/complete-hockey-passing-progression-tape-to-tape-saucer-traffic/	-
https://vitalhockeyskills.com/the-royal-road/	200	17671	https://vitalhockeyskills.com/the-royal-road/	-
https://training.rinkhive.com/2026/05/27/reading-the-defenseman-off-the-rush/	200	41602	https://training.rinkhive.com/2026/05/27/reading-the-defenseman-off-the-rush/	-
https://www.admkids.com/	200	13322	https://www.admkids.com/	-
https://www.admkids.com/news_article/show/723478-teaching-effective-communication-at-12u	200	13207	https://www.admkids.com/news_article/show/723478-teaching-effective-communication-at-12u	-
https://tryhockeyforfree.com/	200	18094	https://tryhockeyforfree.com/	-
https://web.archive.org/web/20201030171244/https://vault.si.com/vault/1995/06/26/that-devil-trap-a-lot-more-is-at-stake-in-the-new-jersey-detroit-series-than-the-stanley-cup	200	45676	https://web.archive.org/web/20201030171244/https://vault.si.com/vault/1995/06/26/that-devil-trap-a-lot-more-is-at-stake-in-the-new-jersey-detroit-series-than-the-stanley-cup	-
https://www.apa.org/pubs/journals/features/bul-bul0000335.pdf	200	877639	https://www.apa.org/pubs/journals/features/bul-bul0000335.pdf	-
https://weisstechhockey.com/faceoffs-defensive-zone/	200	23183	https://weisstechhockey.com/faceoffs-defensive-zone/	-
https://web.archive.org/web/20150924092445/http://www.nhl.com/ice/news.htm?id=744483	200	34036	https://web.archive.org/web/20150924092445/http://www.nhl.com/ice/news.htm?id=744483	-
https://www.athlenow.com/article/how-to-improve-team-communication-on-the-ice	200	7151	https://www.athlenow.com/article/how-to-improve-team-communication-on-the-ice	-
https://www.admkids.com/news_article/show/879133	200	10595	https://www.admkids.com/news_article/show/879133	-
https://web.archive.org/web/20241013220046/https://bnq.qc.ca/en/standardization/protection-and-safety/neck-protectors-can-bnq-0102-565.html	200	24946	https://web.archive.org/web/20241013220046/https://bnq.qc.ca/en/standardization/protection-and-safety/neck-protectors-can-bnq-0102-565.html	-
https://www.ashl.ca/rule-book/	200	145933	https://www.ashl.ca/rule-book/	R26 refetched: 'The current rules issued by Hockey Canada (Canadian ASHL locations) and USA Hockey (USA-based ASHL locations) provides the foundation for game rules in the ASHL' located here - on the WEB PAGE, not in the rulebook PDF
https://www.ashl.ca/wp-content/uploads/2025/09/ASHL_Rulebook_25FallUpdate_INTERACTIVE.pdf	200	358999	https://www.ashl.ca/wp-content/uploads/2025/09/ASHL_Rulebook_25FallUpdate_INTERACTIVE.pdf	R26 refetched: the 'provides the foundation for game rules' sentence is NOT in this PDF; its equivalent reads 'The current Hockey Canada / USA Hockey rules (where applicable), will govern all games'
https://www.ashl.ca/new-to-hockey/	200	30961	https://www.ashl.ca/new-to-hockey/	-
https://web.archive.org/web/20240130010137/https://www.bnq.qc.ca/images/pdf/Sommaire_SOD/SOD_0102-565_EN_2023.pdf	200	3394	https://web.archive.org/web/20240130010137/https://www.bnq.qc.ca/images/pdf/Sommaire_SOD/SOD_0102-565_EN_2023.pdf	-
https://www.ashl.ca/about/	200	35547	https://www.ashl.ca/about/	-
https://www.bauer.com/blogs/learn/ultimate-skate-buying-guide	200	96318	https://www.bauer.com/blogs/learn/ultimate-skate-buying-guide	-
https://www.betterhockey.com/blogs/hockey-training/hockey-awareness-and-scanning	200	47399	https://www.betterhockey.com/blogs/hockey-training/hockey-awareness-and-scanning	-
https://www.bauer.com/blogs/learn/complete-hockey-skate-sharpening-guide	200	98504	https://www.bauer.com/blogs/learn/complete-hockey-skate-sharpening-guide	-
https://www.ashl.ca/player-insurance/	200	33010	https://www.ashl.ca/player-insurance/	-
https://www.betterhockey.com/blogs/hockey-training/how-to-forecheck-in-hockey	200	44758	https://www.betterhockey.com/blogs/hockey-training/how-to-forecheck-in-hockey	-
https://www.betterhockey.com/blogs/hockey-training/how-to-play-the-net-front	200	44364	https://www.betterhockey.com/blogs/hockey-training/how-to-play-the-net-front	-
https://www.betterhockey.com/blogs/hockey-training/how-to-start-playing-hockey-as-an-adult	200	45430	https://www.betterhockey.com/blogs/hockey-training/how-to-start-playing-hockey-as-an-adult	-
https://www.betterhockey.com/blogs/hockey-training/learn-to-skate-as-an-adult	200	45327	https://www.betterhockey.com/blogs/hockey-training/learn-to-skate-as-an-adult	-
https://www.bauer.com/pages/product-manuals	200	93999	https://www.bauer.com/pages/product-manuals	-
https://www.betterhockey.com/blogs/hockey-training/neutral-zone-play-in-hockey	200	47002	https://www.betterhockey.com/blogs/hockey-training/neutral-zone-play-in-hockey	-
https://www.bauer.com/collections/hockey-skates	200	139566	https://www.bauer.com/collections/hockey-skates	-
https://www.betterhockey.com/blogs/hockey-training/hockey-edge-work-drills	200	47312	https://www.betterhockey.com/blogs/hockey-training/hockey-edge-work-drills	-
https://www.betterhockey.com/blogs/shooting/four-types-of-hockey-shots	200	47264	https://www.betterhockey.com/blogs/shooting/four-types-of-hockey-shots	-
https://www.betterhockey.com/blogs/passing	200	42359	https://www.betterhockey.com/blogs/passing	-
https://www.betterhockey.com/blogs/stickhandling/hockey-stickhandling-tips	200	47212	https://www.betterhockey.com/blogs/stickhandling/hockey-stickhandling-tips	-
https://www.betterhockey.com/blogs/stickhandling/how-to-develop-soft-hands	200	44370	https://www.betterhockey.com/blogs/stickhandling/how-to-develop-soft-hands	-
https://www.betterhockey.com/blogs/stickhandling/how-to-protect-the-puck	200	46566	https://www.betterhockey.com/blogs/stickhandling/how-to-protect-the-puck	-
https://www.csagroup.org/article/hockey-helmet-safety-faqs/	200	27731	https://www.csagroup.org/article/hockey-helmet-safety-faqs/	-
https://www.cbc.ca/sports/hockey/nhl/nhl-notebook-3on3-zub-ducks-1.6693732	200	48460	https://www.cbc.ca/sports/hockey/nhl/nhl-notebook-3on3-zub-ducks-1.6693732	-
https://www.broadstreethockey.com/post/flyers-lightning-trap-peter-laviolette-guy-boucher/	200	30949	https://www.broadstreethockey.com/post/flyers-lightning-trap-peter-laviolette-guy-boucher/	-
https://www.chickswithstickshockey.com/players-guide/hockey-vocabulary	200	7605	https://www.chickswithstickshockey.com/players-guide/hockey-vocabulary	-
https://www.coachenio.com/creating-offense-with-zone-entries-and-puck-support/	200	19000	https://www.coachenio.com/creating-offense-with-zone-entries-and-puck-support/	-
https://www.broadstreethockey.com/post/philadelphia-flyers-nhl-penalty-kill-systems-analysis/	200	49421	https://www.broadstreethockey.com/post/philadelphia-flyers-nhl-penalty-kill-systems-analysis/	-
https://www.ebi.ac.uk/europepmc/	404	11771	https://www.ebi.ac.uk/europepmc/	SOFT404?
https://www.crossicehockey.com/breakout-plays-from-defense-to-offense/	200	73004	https://www.crossicehockey.com/breakout-plays-from-defense-to-offense/	-
https://www.crossicehockey.com/defensive-strategies-for-hockey-players/	200	74698	https://www.crossicehockey.com/defensive-strategies-for-hockey-players/	-
https://www.crossicehockey.com/play-off-wing/	200	74469	https://www.crossicehockey.com/play-off-wing/	-
https://www.crossicehockey.com/gap-control-hockey-drill/	200	71197	https://www.crossicehockey.com/gap-control-hockey-drill/	-
https://www.csahockey.com/glossary	200	143843	https://www.csahockey.com/glossary	-
https://www.defendingbigd.com/nhl-guide-to-hockey-analytics-advanced-stats-corsi-expected-goals-war/	200	56103	https://www.defendingbigd.com/nhl-guide-to-hockey-analytics-advanced-stats-corsi-expected-goals-war/	-
https://www.discounthockey.com/blogs/news/everything-you-need-to-know-about-ice-hockey-skates	200	41489	https://discounthockey.com/blogs/news/everything-you-need-to-know-about-ice-hockey-skates	-
https://www.discounthockey.com/blogs/news/cheap-hockey-skates-vs-expensive-hockey-skates-which-ones-are-right-for-me	200	37209	https://discounthockey.com/blogs/news/cheap-hockey-skates-vs-expensive-hockey-skates-which-ones-are-right-for-me	-
https://www.discounthockey.com/blogs/news/cheap-helmets-vs-expensive-helmets-which-one-is-right-for-me	200	37507	https://discounthockey.com/blogs/news/cheap-helmets-vs-expensive-helmets-which-one-is-right-for-me	-
https://www.edgeiceacademy.com/article/how-deception-creates-space-without-speed	200	248540	https://www.edgeiceacademy.com/article/how-deception-creates-space-without-speed	-
https://www.edgeiceacademy.com/article/closing-the-gap-the-foundation-of-elite-defensive-play	200	248280	https://www.edgeiceacademy.com/article/closing-the-gap-the-foundation-of-elite-defensive-play	-
https://www.edgeiceacademy.com/article/inside-edges-vs-outside-edges-what-young-hockey-players-need-to-know	200	254210	https://www.edgeiceacademy.com/article/inside-edges-vs-outside-edges-what-young-hockey-players-need-to-know	-
https://www.elitehockeycanada.com/team-play/zone-play/defensive-zone	200	48983	https://www.elitehockeycanada.com/team-play/zone-play/defensive-zone	-
https://www.espn.com/nhl/story/_/id/39345002/what-nhl-rules	202	1987	https://www.espn.com/nhl/story/_/id/39345002/what-nhl-rules	-
https://www.espn.com/nhl/story?id=28556138	202	1987	https://www.espn.com/nhl/story?id=28556138	-
https://www.elitehockeycanada.com/team-play/zone-play/role-and-responsibilities/defensemen-zone-play	200	43080	https://www.elitehockeycanada.com/team-play/zone-play/role-and-responsibilities/defensemen-zone-play	-
https://www.elitehockeycanada.com/team-play/zone-play/neutral-zone-play	200	46045	https://www.elitehockeycanada.com/team-play/zone-play/neutral-zone-play	-
https://www.elitehockeycanada.com/team-play/zone-play/offensive-zone-play/1-2-2-forecheck	200	43114	https://www.elitehockeycanada.com/team-play/zone-play/offensive-zone-play/1-2-2-forecheck	-
https://www.csagroup.org/store/product/Z262.1-15/	200	105161	https://www.csagroup.org/store/product/Z262.1-15/	-
https://www.frontiersin.org/journals/psychology/articles/10.3389/fpsyg.2021.667041/full	200	202129	https://www.frontiersin.org/journals/psychology/articles/10.3389/fpsyg.2021.667041/full	-
https://www.eiha.co.uk/play/	200	14874	https://eiha.co.uk/play/	-
https://www.frontiersin.org/journals/psychology/articles/10.3389/fpsyg.2020.562995/full	200	165847	https://www.frontiersin.org/journals/psychology/articles/10.3389/fpsyg.2020.562995/full	-
https://www.frontiersin.org/articles/10.3389/fpsyg.2020.553813/full	200	186038	https://www.frontiersin.org/journals/psychology/articles/10.3389/fpsyg.2020.553813/full	-
https://www.frontiersin.org/journals/sports-and-active-living/articles/10.3389/fspor.2026.1800382/full	200	190080	https://www.frontiersin.org/journals/sports-and-active-living/articles/10.3389/fspor.2026.1800382/full	-
https://www.eiha.co.uk/registration/	200	14633	https://eiha.co.uk/registration/	-
https://www.elitehockeycanada.com/team-play/zone-play/role-and-responsibilities/gap-control	200	43721	https://www.elitehockeycanada.com/team-play/zone-play/role-and-responsibilities/gap-control	-
https://www.csagroup.org/store/product/2423576/	200	129778	https://www.csagroup.org/store/product/2423576/	-
https://www.frontiersin.org/journals/sports-and-active-living/articles/10.3389/fspor.2024.1418713/full	200	278853	https://www.frontiersin.org/journals/sports-and-active-living/articles/10.3389/fspor.2024.1418713/full	-
https://www.hockey-reference.com/leagues/NHL_2025_penalty-shots.html	200	42271	https://www.hockey-reference.com/leagues/NHL_2025_penalty-shots.html	-
https://www.hockey-reference.com/teams/MTL/1948.html	200	58906	https://www.hockey-reference.com/teams/MTL/1948.html	-
https://www.hhof.com/LegendsOfHockey/jsp/LegendsMember.jsp?mem=p196402&type=Player&page=bio&list=	200	3426	https://www.hhof.com/HonouredMembers/MemberDetails.html?type=Player&mem=p196402&list=	-
https://www.hockey-reference.com/leagues/NHL_2025_skaters.html	200	233959	https://www.hockey-reference.com/leagues/NHL_2025_skaters.html	-
https://www.hockey-reference.com/teams/NYR/1993.html	200	66075	https://www.hockey-reference.com/teams/NYR/1993.html	-
https://www.hockey-psychology.com/psychology-for-hockey-goalies-staying-focused-under-fire/	200	48897	https://www.hockey-psychology.com/psychology-for-hockey-goalies-staying-focused-under-fire/	-
https://www.hockeycanada.ca/en-ca/hockey-programs/adult-rec	200	19249	https://www.hockeycanada.ca/en-ca/hockey-programs/adult-rec	-
https://www.hockeycanada.ca/en-ca/hockey-programs/parents/faq	200	37719	https://www.hockeycanada.ca/en-ca/hockey-programs/parents/faq	-
https://www.hockeycanada.ca/en-ca/hockey-programs/parents/pathway	200	19960	https://www.hockeycanada.ca/en-ca/hockey-programs/parents/pathway	-
https://www.hockeycalgary.ca/assets/file/intro_chk_pdf%5B1%5D.pdf	200	147046	https://www.hockeycalgary.ca/assets/file/intro_chk_pdf%5B1%5D.pdf	-
https://www.hockeycanada.ca/en-ca/hockey-programs/players/essentials/age-divisions	200	23263	https://www.hockeycanada.ca/en-ca/hockey-programs/players/essentials/age-divisions	-
https://www.hockeyalberta.ca/uploads/source/Goaltender%20Skills%20Camp/Goaltender_Guide_2019_FINAL_SM_BOOKLET.pdf	200	1848436	https://www.hockeyalberta.ca/uploads/source/Goaltender%20Skills%20Camp/Goaltender_Guide_2019_FINAL_SM_BOOKLET.pdf	-
https://www.hockeymonkey.com/learn/hockey-centerman	200	52232	https://www.hockeymonkey.com/learn/hockey-centerman	-
https://www.hockeymonkey.com/learn/hockey-defenseman	200	54316	https://www.hockeymonkey.com/learn/hockey-defenseman	-
https://www.hockeymonkey.com/learn/backhand-shot-guide	200	50549	https://www.hockeymonkey.com/learn/backhand-shot-guide	-
https://www.hockeyiq.com/hockey-power-play-strategies-3433608/	200	9429	https://www.hockeyiq.com/hockey-power-play-strategies-3433608/	-
https://www.hockeymonkey.com/learn/hockey-stick-flex	200	49903	https://www.hockeymonkey.com/learn/hockey-stick-flex	-
https://www.hockeymonkey.com/learn/hockey-pass	200	52196	https://www.hockeymonkey.com/learn/hockey-pass	-
https://www.hockeymonkey.com/learn/hockey-stop	200	51699	https://www.hockeymonkey.com/learn/hockey-stop	-
https://www.hockeymonkey.com/learn/nhl-scorers-deception-quick-release	200	53607	https://www.hockeymonkey.com/learn/nhl-scorers-deception-quick-release	-
https://www.hockeycanada.ca/en-ca/hockey-programs/players/essentials/positions-skills/checking	200	23808	https://www.hockeycanada.ca/en-ca/hockey-programs/players/essentials/positions-skills/checking	-
https://www.hockeymonkey.com/learn/wrist-shot-guide	200	50951	https://www.hockeymonkey.com/learn/wrist-shot-guide	-
https://www.icehockeysystems.com/blog/coaching-tips/1-3-1-power-play-5-options	200	13956	https://www.icehockeysystems.com/blog/coaching-tips/1-3-1-power-play-5-options	-
https://www.icehockeysystems.com/blog/coaching-tips/10-offensive-zone-faceoff-plays	200	13252	https://www.icehockeysystems.com/blog/coaching-tips/10-offensive-zone-faceoff-plays	-
https://www.hockeyshare.com/drill/5563/	200	3790	https://www.hockeyshare.com/drill/5563/	-
https://www.icehockeysystems.com/blog/coaching-tips/winning-entry-how-nhl-power-plays-gain-zone	200	14170	https://www.icehockeysystems.com/blog/coaching-tips/winning-entry-how-nhl-power-plays-gain-zone	-
https://www.icehockeysystems.com/coaching-clip/sergachev-and-kucherov-scanning-shoulder-checking	200	11757	https://www.icehockeysystems.com/coaching-clip/sergachev-and-kucherov-scanning-shoulder-checking	-
https://www.icehockeysystems.com/hockey-drills/breakout-communication-drill	200	10869	https://www.icehockeysystems.com/hockey-drills/breakout-communication-drill	-
https://www.icehockeysystems.com/hockey-drills/drill-category/small-area-games	200	15089	https://www.icehockeysystems.com/hockey-drills/drill-category/small-area-games	-
https://www.icehockeysystems.com/hockey-drills/how-saucer-pass	200	10179	https://www.icehockeysystems.com/hockey-drills/how-saucer-pass	-
https://www.icehockeysystems.com/hockey-drills/one-on-one-breakdown-forward	200	10178	https://www.icehockeysystems.com/hockey-drills/one-on-one-breakdown-forward	-
https://www.icehockeysystems.com/blog/coaching-tips/4-shooting-techniques-score-more-goals	200	15326	https://www.icehockeysystems.com/blog/coaching-tips/4-shooting-techniques-score-more-goals	-
https://www.hockeyshare.com/drill/7043/	200	4219	https://www.hockeyshare.com/drill/7043/	-
https://www.fusionhockey.us/communicate	200	291479	https://www.fusionhockey.us/communicate	-
https://www.icehockeysystems.com/hockey-drills/drill-category/breakouts	200	15053	https://www.icehockeysystems.com/hockey-drills/drill-category/breakouts	-
https://www.icehockeysystems.com/hockey-drills/fundamentals-passing-puck	200	10152	https://www.icehockeysystems.com/hockey-drills/fundamentals-passing-puck	-
https://www.icehockeysystems.com/hockey-systems/1-2-2-neutral-zone-forecheck	200	8985	https://www.icehockeysystems.com/hockey-systems/1-2-2-neutral-zone-forecheck	-
https://www.icehockeysystems.com/hockey-systems/2-1-2-forecheck-strong-side-support	200	9543	https://www.icehockeysystems.com/hockey-systems/2-1-2-forecheck-strong-side-support	-
https://www.icehockeysystems.com/hockey-drills/the-nz-regroup	200	10220	https://www.icehockeysystems.com/hockey-drills/the-nz-regroup	-
https://www.hockeymonkey.com/learn/hockey-left-right-wing	200	56560	https://www.hockeymonkey.com/learn/hockey-left-right-wing	-
https://www.hockeyworld.com/Sher-Wood-5030SC-Feather-Light-Hockey-Stick-Senior	200	22847	https://www.hockeyworld.com/Sher-Wood-5030SC-Feather-Light-Hockey-Stick-Senior	-
https://www.icehockeysystems.com/hockey-systems/wheel-reverse-d-zone-face-off	200	8941	https://www.icehockeysystems.com/hockey-systems/wheel-reverse-d-zone-face-off	-
https://www.icehockeysystems.com/hockey-drills/passing-beginner	200	10086	https://www.icehockeysystems.com/hockey-drills/passing-beginner	-
https://www.icehockeysystems.com/hockey-systems/ne-1-3-1-forecheck	200	9270	https://www.icehockeysystems.com/hockey-systems/ne-1-3-1-forecheck	-
https://www.icehockeysystems.com/hockey-systems/layered-defensive-zone-coverage	200	9632	https://www.icehockeysystems.com/hockey-systems/layered-defensive-zone-coverage	-
https://www.icehockeysystems.com/ice-hockey-systems/systems-category/neutral-zone-155	200	9434	https://www.icehockeysystems.com/ice-hockey-systems/systems-category/neutral-zone-155	-
https://www.icehockeysystems.com/savard-videos/breaking-1-2-2-and-trap	200	11461	https://www.icehockeysystems.com/savard-videos/breaking-1-2-2-and-trap	-
https://www.icehockeysystems.com/skill-development-videos/breakout-tips-centers	200	11711	https://www.icehockeysystems.com/skill-development-videos/breakout-tips-centers	-
https://www.icehockeysystems.com/skill-development-videos/breakout-tips-wingers-strong-side	200	11894	https://www.icehockeysystems.com/skill-development-videos/breakout-tips-wingers-strong-side	-
https://www.hockeyshot.com/stickhandling-tips/improving-your-passing-technique	200	77947	https://hockeyshot.com/blogs/training-academy/improving-your-passing-technique	-
https://www.iihf.com/en/coaching/19545/positioning-behind-the-net	200	13530	https://www.iihf.com/en/coaching/19545/positioning-behind-the-net	-
https://www.iihf.com/en/coaching/19519/butterfly-slide	200	13407	https://www.iihf.com/en/coaching/19519/butterfly-slide	-
https://www.iihf.com/en/coaching/19527/continuous-shuffle	200	13554	https://www.iihf.com/en/coaching/19527/continuous-shuffle	-
https://www.iihf.com/en/coaching/19530/t-push-with-stops	200	13529	https://www.iihf.com/en/coaching/19530/t-push-with-stops	-
https://www.iihf.com/en/associations	200	16669	https://www.iihf.com/en/associations	-
https://www.iihf.com/en/statichub/6446/rules-and-regulations	200	12744	https://www.iihf.com/en/statichub/6446/rules-and-regulations	-
https://www.iihf.com/en/statichub/6288/rules-regulations	200	12746	https://www.iihf.com/en/statichub/6288/rules-regulations	-
https://www.iso.org/standard/81486.html	200	19578	https://www.iso.org/standard/81486.html	-
https://www.iso.org/standard/61495.html	200	18616	https://www.iso.org/standard/61495.html	-
https://www.iihf.com/en/events/2021/ww/news/26308/new_rule_book_for_global_game	200	15834	https://www.iihf.com/en/events/2021/ww/news/26308/new_rule_book_for_global_game	-
https://www.iihf.com/en/statichub/8635/rulebook	200	12743	https://www.iihf.com/en/statichub/8635/rulebook	-
https://www.iihf.com/en/statichub/8674/rules	200	12742	https://www.iihf.com/en/statichub/8674/rules	-
https://www.ida.liu.se/research/sportsanalytics/LINHAC/LINHAC23/papers/paper-research-tim.pdf	200	2134567	https://www.ida.liu.se/research/sportsanalytics/LINHAC/LINHAC23/papers/paper-research-tim.pdf	-
https://www.iihf.com/en/events/2022/olympic-m/news/32259/a_matter_of_feet_and_inches	200	15117	https://www.iihf.com/en/events/2022/olympic-m/news/32259/a_matter_of_feet_and_inches	-
https://www.iihf.com/en/events/2021/wm/news/26308/new_rule_book_for_global_game	200	15812	https://www.iihf.com/en/events/2021/wm/news/26308/new_rule_book_for_global_game	-
https://www.lgsports.ca/1-2-2-forecheck/	200	212	https://www.lgsports.ca/1-2-2-forecheck/	-
https://www.lgsports.ca/2-1-2-forecheck/	200	212	https://www.lgsports.ca/2-1-2-forecheck/	-
https://www.icehockeysystems.com/hockey-systems/breaking-1-2-2-and-trap-forecheck	200	9191	https://www.icehockeysystems.com/hockey-systems/breaking-1-2-2-and-trap-forecheck	-
https://www.learntoskateusa.com/	200	7835	https://www.learntoskateusa.com/	-
https://www.madisonrechockey.com/news/using-roller-hockey-to-build-ice-hockey-skills-bus	200	11361	https://www.madisonrechockey.com/news/using-roller-hockey-to-build-ice-hockey-skills-bus	-
https://www.journalofsports.com/pdf/2021/vol6issue1/PartA/5-2-167-189.pdf	200	308227	https://www.journalofsports.com/pdf/2021/vol6issue1/PartA/5-2-167-189.pdf	-
https://www.minnesotahockey.org/news_article/show/1184554	200	10853	https://www.minnesotahockey.org/news_article/show/1184554	-
https://www.line1hockey.com/post/understanding-the-center-position	200	323252	https://www.line1hockey.com/post/understanding-the-center-position	-
https://www.judgemate.com/en/guides/ice-hockey-rink-dimensions	200	146046	https://www.judgemate.com/en/guides/ice-hockey-rink-dimensions	-
https://www.minnesotahockey.org/news_article/show/1196317	200	13897	https://www.minnesotahockey.org/news_article/show/1196317	-
https://www.minnesotahockey.org/news_article/show/1201213	200	13149	https://www.minnesotahockey.org/news_article/show/1201213	-
https://www.lspowerskating.com/the-toe-flick	200	12002	https://www.lspowerskating.com/the-toe-flick	-
https://www.learntoplay.nhl.com/about/	200	21788	https://www.learntoplay.nhl.com/about/	-
https://www.mcgill.ca/newsroom/channels/news/predicting-hockey-iq-researchers-method-assessing-young-hockey-talent-could-be-game-changer-365251	200	16083	https://www.mcgill.ca/newsroom/channels/news/predicting-hockey-iq-researchers-method-assessing-young-hockey-talent-could-be-game-changer-365251	-
https://www.minnesotahockey.org/page/show/717754-heads-up-don-t-duck	200	11613	https://www.minnesotahockey.org/page/show/717754-heads-up-don-t-duck	-
https://www.mdpi.com/2076-3417/12/19/9753	403	400	https://www.mdpi.com/2076-3417/12/19/9753 (retry 403	-
https://www.kingcobrashockey.com/article/the-role-of-the-bumper-in-the-1-3-1-power-play-the-engine-of-modern-offense	200	285953	https://www.kingcobrashockey.com/article/the-role-of-the-bumper-in-the-1-3-1-power-play-the-engine-of-modern-offense	-
https://www.nhl.com/news/4-nations-face-off-gives-chance-to-sweden-and-finland-players-to-speak-native-languages	200	29711	https://www.nhl.com/news/4-nations-face-off-gives-chance-to-sweden-and-finland-players-to-speak-native-languages	-
https://www.nhl.com/kraken/news/dimensions-and-markings-of-regulation-ice-sheets-322765100	200	29532	https://www.nhl.com/kraken/news/dimensions-and-markings-of-regulation-ice-sheets-322765100	-
https://www.nhl.com/kraken/news/analytics-with-alison-dangerous-passes-327627898	200	29717	https://www.nhl.com/kraken/news/analytics-with-alison-dangerous-passes-327627898	-
https://www.nhl.com/kraken/news/seattle-kraken-analytics-with-alison-chances-off-the-rush-328173944	200	28416	https://www.nhl.com/kraken/news/seattle-kraken-analytics-with-alison-chances-off-the-rush-328173944	-
https://www.myhockeyschools.com/articles/unlock-elite-goalie-vision-mastering-puck-tracking-through-screens	200	44983	https://www.myhockeyschools.com/articles/unlock-elite-goalie-vision-mastering-puck-tracking-through-screens	-
https://www.nhl.com/devils/news/jacques-lemaire-trap-stan-s-stories	200	33420	https://www.nhl.com/devils/news/jacques-lemaire-trap-stan-s-stories	-
https://www.nhl.com/kraken/news/seattle-kraken-analytics-with-alison-high-danger-chances-328378484	200	27935	https://www.nhl.com/kraken/news/seattle-kraken-analytics-with-alison-high-danger-chances-328378484	-
https://www.nhl.com/news/hockey-world-reacts-to-flyers-lightning-tactics/c-600195	200	0	https://www.nhl.com/redirect/news/600195	-
https://www.nhl.com/news/edge-stats-miles-wood-reaches-top-skating-speed-of-season	200	25691	https://www.nhl.com/news/edge-stats-miles-wood-reaches-top-skating-speed-of-season	-
https://www.nhl.com/news/bill-durnan-hall-of-fame-career-for-montreal	200	31323	https://www.nhl.com/news/bill-durnan-hall-of-fame-career-for-montreal	-
https://www.nhl.com/sharks/news/nhl-announces-rules-changes-for-2014-15-season/c-730288	200	0	https://www.nhl.com/redirect/news/730288	-
https://www.nhs.uk/conditions/mrsa/	200	8909	https://www.nhs.uk/conditions/mrsa/	-
https://www.nhl.com/nhl-edge/	200	25942	https://www.nhl.com/nhl-edge/	-
https://www.nhl.com/news/former-nhl-coach-david-marcoux-analyzes-reading-shots-301722984	200	31042	https://www.nhl.com/news/former-nhl-coach-david-marcoux-analyzes-reading-shots-301722984	-
https://www.jssm.org/jssm-18-680.xml-Fulltext	200	30354	https://www.jssm.org/jssm-18-680.xml-Fulltext	-
https://www.nhl.com/news/overtime-approach-no-longer-run-and-gun-295721154	200	27154	https://www.nhl.com/news/overtime-approach-no-longer-run-and-gun-295721154	-
https://www.nhl.com/stats/	200	18619	https://www.nhl.com/stats/	-
https://www.nhl.com/news/nhl-edge-stat-trends-and-storylines-2024	200	29927	https://www.nhl.com/news/nhl-edge-stat-trends-and-storylines-2024	-
https://www.nsca.com/education/articles/kinetic-select/attentional-styles/	200	105364	https://www.nsca.com/education/articles/kinetic-select/attentional-styles/	R26 refetched: 'Nideffer (25) formulated an important concept' - carries an inline citation, so the claim is Nideffer's not NSCA's; page is an excerpt from Human Kinetics' Essentials of Strength Training 4e
https://www.omha.net/news_article/show/486107-the-most-important-line-on-the-ice-you-ve-never-heard-of	200	17944	https://www.omha.net/news_article/show/486107-the-most-important-line-on-the-ice-you-ve-never-heard-of	-
https://www.nhl.com/news/overtime-rule-changes-face-off-clarity-discussed-at-gm-meetings	200	29944	https://www.nhl.com/news/overtime-rule-changes-face-off-clarity-discussed-at-gm-meetings	-
https://www.nhl.com/news/nhl-coaches-room-overtime-success-303255732	200	30342	https://www.nhl.com/news/nhl-coaches-room-overtime-success-303255732	-
https://www.pensionplanpuppets.com/2017/11/2/16593106/toronto-maple-leafs-beat-ottawa-senators-1-3-1-forecheck	200	39712	https://www.pensionplanpuppets.com/toronto-maple-leafs-beat-ottawa-senators-1-3-1-forecheck/	-
https://www.onlinehockeytraining.com/blog/hockey-shooting-techniques	200	14952	https://www.onlinehockeytraining.com/blog/hockey-shooting-techniques	-
https://www.ourkidsplayhockey.com/the-ride-to-the-rink-understanding-time-and-space-in-hockey-a-deep-dive-for-players-and-parents/	200	13685	https://www.ourkidsplayhockey.com/the-ride-to-the-rink-understanding-time-and-space-in-hockey-a-deep-dive-for-players-and-parents/	-
https://www.purehockey.com/c/hockey-skate-sharpening-guide	200	34989	https://www.purehockey.com/c/hockey-skate-sharpening-guide	-
https://www.purehockey.com/c/how-to-fit-a-hockey-player	200	31093	https://www.purehockey.com/c/how-to-fit-a-hockey-player	-
https://www.purehockey.com/c/hockey-stick-blade-guide	200	33918	https://www.purehockey.com/c/hockey-stick-blade-guide	-
https://www.purehockey.com/c/how-to-fit-hockey-elbow-pads	200	33853	https://www.purehockey.com/c/how-to-fit-hockey-elbow-pads	-
https://www.purehockey.com/c/hockey-bag-buying-guide/	200	32463	https://www.purehockey.com/c/hockey-bag-buying-guide/	-
https://www.purehockey.com/c/how-to-fit-a-hockey-stick	200	37499	https://www.purehockey.com/c/how-to-fit-a-hockey-stick	-
https://www.purehockey.com/c/how-to-fit-goalie-leg-pads	200	37163	https://www.purehockey.com/c/how-to-fit-goalie-leg-pads	-
https://www.purehockey.com/c/how-to-fit-hockey-helmets	200	33254	https://www.purehockey.com/c/how-to-fit-hockey-helmets	-
https://www.purehockey.com/c/how-to-fit-hockey-gloves	200	33578	https://www.purehockey.com/c/how-to-fit-hockey-gloves	-
https://www.prodigy-hockey.com/skating/hockey-skating-mechanics-stance-extension-recovery-arm-swing/	200	30170	https://www.prodigy-hockey.com/skating/hockey-skating-mechanics-stance-extension-recovery-arm-swing/	-
https://www.purehockey.com/c/how-to-fit-hockey-pants	200	34696	https://www.purehockey.com/c/how-to-fit-hockey-pants	-
https://www.pvelitehockey.com/bulletin/timeandspace	200	34845	https://www.pvelitehockey.com/bulletin/timeandspace	-
https://www.robbyglantz.com/backward-skating-2/	200	22766	https://www.robbyglantz.com/backward-skating-2/	-
https://www.purehockey.com/c/how-to-tape-a-stick	200	34112	https://www.purehockey.com/c/how-to-tape-a-stick	-
https://www.purehockey.com/support/hockey-skate-sizing-guide/pg_id/20235	200	30457	https://www.purehockey.com/support/hockey-skate-sizing-guide/pg_id/20235	-
https://www.reasonyhockey.com/goalie-defense-communication/	200	26328	https://www.reasonyhockey.com/goalie-defense-communication/	-
https://www.purehockey.com/c/how-to-fit-hockey-shoulder-pads	200	33134	https://www.purehockey.com/c/how-to-fit-hockey-shoulder-pads	-
https://www.robbyglantz.com/the-forward-crossunder/	200	21628	https://www.robbyglantz.com/the-forward-crossunder/	-
https://www.purehockey.com/c/how-to-fit-hockey-shin-guards	200	34390	https://www.purehockey.com/c/how-to-fit-hockey-shin-guards	-
https://www.purehockey.com/c/pure-hockey-stick-flex-guide	200	34689	https://www.purehockey.com/c/pure-hockey-stick-flex-guide	-
https://www.purehockey.com/c/pure-hockey-helmet-guide	200	31555	https://www.purehockey.com/c/pure-hockey-helmet-guide	-
https://www.purehockey.com/c/how-to-fit-hockey-skates	200	32274	https://www.purehockey.com/c/how-to-fit-hockey-skates	-
https://www.silversevensens.com/tactical-formations-breakout/	200	10109	https://www.silversevensens.com/tactical-formations-breakout/	-
https://www.purehockey.com/c/pure-hockey-stick-guide	200	35098	https://www.purehockey.com/c/pure-hockey-stick-guide	-
https://www.purehockey.com/c/youth-hockey-gear-guide-a-checklist-for-parents	200	34168	https://www.purehockey.com/c/youth-hockey-gear-guide-a-checklist-for-parents	-
https://www.sloansportsconference.com/research-papers/the-hidden-foundation-of-field-vision-in-english-premier-league-epl-soccer-players	200	14412	https://www.sloansportsconference.com/research-papers/the-hidden-foundation-of-field-vision-in-english-premier-league-epl-soccer-players	-
https://www.spokesman.com/stories/2022/jun/21/heres-why-the-kraken-and-other-nhl-teams-are-pulli/	200	38968	https://www.spokesman.com/stories/2022/jun/21/heres-why-the-kraken-and-other-nhl-teams-are-pulli/	-
https://www.shapshotshockey.com/p/in-a-quest-for-face-off-ambidexterity	200	34878	https://www.shapshotshockey.com/p/in-a-quest-for-face-off-ambidexterity	-
https://www.surrey.ac.uk/news/controlling-coaching-tactics-shatter-athletes-wellbeing-says-new-study	200	49825	https://www.surrey.ac.uk/news/controlling-coaching-tactics-shatter-athletes-wellbeing-says-new-study	-
https://www.si.com/nhl/2014/01/15/fancystats-quietly-leading-nhl-teams-to-dump-the-dump-and-chase-strategy	200	76898	https://www.si.com/nhl/2014/01/15/fancystats-quietly-leading-nhl-teams-to-dump-the-dump-and-chase-strategy	-
https://www.stanleycupofchowder.com/2019/1/28/18197816/defending-the-blue-line-analytics-tactics-boston-bruins	200	60594	https://www.stanleycupofchowder.com/2019/1/28/18197816/defending-the-blue-line-analytics-tactics-boston-bruins	-
https://www.snipersedgehockey.com/blogs/the-inside-post/how-to-tips-putting-more-power-into-your-backhand	200	53492	https://www.snipersedgehockey.com/blogs/the-inside-post/how-to-tips-putting-more-power-into-your-backhand	-
https://www.snipersedgehockey.com/blogs/the-inside-post/ice-hockey-tips-and-hockey-skills-making-a-perfect-saucer-pass	200	52637	https://www.snipersedgehockey.com/blogs/the-inside-post/ice-hockey-tips-and-hockey-skills-making-a-perfect-saucer-pass	-
https://www.tandfonline.com/doi/abs/10.1080/10413200109339004	200	15251	https://www.tandfonline.com/action/cookieAbsent	-
https://www.sfu.ca/~tswartz/papers/goalie.pdf	200	152355	https://www.sfu.ca/~tswartz/papers/goalie.pdf	-
https://www.tandfonline.com/doi/abs/10.1080/10615809608249392	200	15253	https://www.tandfonline.com/action/cookieAbsent	-
https://www.tandfonline.com/doi/full/10.1080/1612197X.2015.1041545	200	15269	https://www.tandfonline.com/action/cookieAbsent	-
https://www.tandfonline.com/doi/full/10.1080/1612197X.2023.2180070	200	15314	https://www.tandfonline.com/action/cookieAbsent	-
https://www.tandfonline.com/doi/full/10.1080/1750984X.2010.488269	200	15277	https://www.tandfonline.com/action/cookieAbsent	-
https://www.tandfonline.com/doi/full/10.1080/1750984X.2021.1944271	200	15220	https://www.tandfonline.com/action/cookieAbsent	-
https://www.sciencedirect.com/science/article/pii/S1469029218304424	403	618105	https://www.sciencedirect.com/science/article/pii/S1469029218304424 (retry 403	-
https://www.sciencedirect.com/science/article/pii/S2667239122000260	403	618102	https://www.sciencedirect.com/science/article/pii/S2667239122000260 (retry 403	-
https://www.usahockey.com/adulthockey	200	13504	https://www.usahockey.com/adulthockey	-
https://www.tandfonline.com/doi/full/10.1080/1750984X.2022.2132526	200	15207	https://www.tandfonline.com/action/cookieAbsent	-
https://www.usahockey.com/adultnationals	200	14341	https://www.usahockey.com/adultnationals	-
https://www.usahockey.com/findhockey	200	10884	https://www.usahockey.com/findhockey	-
https://www.usahockey.com/newparents	200	13601	https://www.usahockey.com/newparents	-
https://www.usahockey.com/news_article/show/1035363-five-tips-for-adult-league-goalies	200	13705	https://www.usahockey.com/news_article/show/1035363-five-tips-for-adult-league-goalies	-
https://www.usahockey.com/2025-29-usah-rule-changes	200	11668	https://www.usahockey.com/2025-29-usah-rule-changes	-
https://www.usahockey.com/news_article/show/1168288-puck-protection-tips-for-adults	200	13372	https://www.usahockey.com/news_article/show/1168288-puck-protection-tips-for-adults	-
https://www.thepointhockey.com/shot-optimization-how-optimal-shooting-habits-can-improve-individual-goal-scoring-rates/	200	19742	https://www.thepointhockey.com/shot-optimization-how-optimal-shooting-habits-can-improve-individual-goal-scoring-rates/	-
https://www.usahockey.com/news_article/show/311167-tips-on-coaching-goalies	200	15271	https://www.usahockey.com/news_article/show/311167-tips-on-coaching-goalies	-
https://www.usahockey.com/news_article/show/453192-body-contact-the-sometimes-forgotten-element-of-skill-development	200	14795	https://www.usahockey.com/news_article/show/453192-body-contact-the-sometimes-forgotten-element-of-skill-development	-
https://www.usahockey.com/news_article/show/466357-coaching-the-crease	200	14848	https://www.usahockey.com/news_article/show/466357-coaching-the-crease	-
https://www.thehockeyshop.com/products/ccm-ultimate-abs-senior-wood-hockey-stick	200	149987	https://www.thehockeyshop.com/products/ccm-ultimate-abs-senior-wood-hockey-stick	-
https://www.usahockey.com/news_article/show/494762-winning-battles-essential-to-winning-games	200	15456	https://www.usahockey.com/news_article/show/494762-winning-battles-essential-to-winning-games	-
https://www.usahockey.com/news_article/show/775914-net-front-presence-with-alabama-huntsville-s-mike-corbett	200	16595	https://www.usahockey.com/news_article/show/775914-net-front-presence-with-alabama-huntsville-s-mike-corbett	-
https://www.usahockey.com/news_article/show/843038	200	54479	https://www.usahockey.com/news_article/show/843038	R26 refetched: 'organized in 1976' and 'HECC does not write standards' located; article does not say USA Hockey requested HECC's creation
https://www.usahockey.com/news_article/show/881483-michigan-clinics-emphasize-the-skills-of-proper-body-checking	200	14452	https://www.usahockey.com/news_article/show/881483-michigan-clinics-emphasize-the-skills-of-proper-body-checking	-
https://www.usahockey.com/news_article/show/873887-clinic-teaches-players-and-coaches-how-to-use-body-contact-safely-and-effectively	200	13474	https://www.usahockey.com/news_article/show/873887-clinic-teaches-players-and-coaches-how-to-use-body-contact-safely-and-effectively	-
https://www.usahockey.com/news_article/show/988313-winning-in-transition-angling-gaps-and-creating-turnovers-in-today-s-game	200	55623	https://www.usahockey.com/news_article/show/988313-winning-in-transition-angling-gaps-and-creating-turnovers-in-today-s-game	R26 refetched: 'take away an opponent's good ice and force them to bad ice' is the ARTICLE's own unattributed sentence, not an Appert quote; page gives his role as 'head coach of the U.S. National Under-18 Team at USA Hockey's NTDP'
https://www.usahockey.com/news_article/show/904873-body-contact-should-be-taught-at-every-level	200	14010	https://www.usahockey.com/news_article/show/904873-body-contact-should-be-taught-at-every-level	-
https://www.usahockey.com/rulesandresources	200	12515	https://www.usahockey.com/rulesandresources	-
https://www.usahockey.com/smallareagames	200	13771	https://www.usahockey.com/smallareagames	-
https://www.usahockey.com/trainingmaterials	200	13469	https://www.usahockey.com/trainingmaterials	-
https://www.usahockeygoaltending.com/news_article/show/524945-in-the-crease-spotting-confidence-problems-with-goaltenders	200	12182	https://www.usahockeygoaltending.com/news_article/show/524945-in-the-crease-spotting-confidence-problems-with-goaltenders	-
https://www.usahockey.com/page/show/3409669-come-play-youth-hockey	200	14444	https://www.usahockey.com/comeplayyouthhockey	-
https://www.usahockeygoaltending.com/news_article/show/524951-in-the-crease-controlling-rebounds-physical-and-mental-skills	200	12868	https://www.usahockeygoaltending.com/news_article/show/524951-in-the-crease-controlling-rebounds-physical-and-mental-skills	-
https://www.usahockeygoaltending.com/page/show/890092-t-push	200	9509	https://www.usahockeygoaltending.com/page/show/890092-t-push	-
https://www.usahockeygoaltending.com/page/show/890096-shuffle	200	9372	https://www.usahockeygoaltending.com/page/show/890096-shuffle	-
https://www.usahockeygoaltending.com/news_article/show/524949-goalie-terms-that-really-count	200	12996	https://www.usahockeygoaltending.com/news_article/show/524949-goalie-terms-that-really-count	-
https://www.usahockeyrulebook.com/	200	805	https://www.usahockeyrulebook.com/	-
https://www.usahockeyrulebook.com/page/7765/casebook-rule-612-face-off-locations	200	805	https://www.usahockeyrulebook.com/page/7765/casebook-rule-612-face-off-locations	-
https://www.wingingitinmotown.com/getting-to-know-the-nhl-rulebook-coincidental-penalties/	200	19895	https://www.wingingitinmotown.com/getting-to-know-the-nhl-rulebook-coincidental-penalties/	-
https://www.wbspenguins.com/blog/defensive-hockey-a-guide-to-team-strategy/	200	47096	https://www.wbspenguins.com/blog/defensive-hockey-a-guide-to-team-strategy/	-
https://www.olympics.com/en/milano-cortina-2026/news/iihf-statement-on-ice-hockey-rink	000	0	https://www.olympics.com/en/milano-cortina-2026/news/iihf-statement-on-ice-hockey-rink (retry 000	-
http://www.nhl.com/ice/news.htm?id=744483	404	185	https://www.nhl.com/ice/news.htm?id=744483	SOFT404?
https://www.bnq.qc.ca/images/pdf/Sommaire_SOD/SOD_0102-565_EN_2023.pdf	404	581	http://bnq.qc.ca/images/pdf/Sommaire_SOD/SOD_0102-565_EN_2023.pdf	SOFT404?
https://doi.org/10.1080/24748668.2017.1309094	200	15229	https://www.tandfonline.com/action/cookieAbsent	-
https://bnq.qc.ca/en/standardization/protection-and-safety/neck-protectors-can-bnq-0102-565.html	200	655	https://bnq.qc.ca/404.html	SOFT404?
https://vault.si.com/vault/1995/06/26/that-devil-trap-a-lot-more-is-at-stake-in-the-new-jersey-detroit-series-than-the-stanley-cup	404	31996	https://vault.si.com/vault/1995/06/26/that-devil-trap-a-lot-more-is-at-stake-in-the-new-jersey-detroit-series-than-the-stanley-cup	SOFT404?
https://doi.org/10.1519/00124278-200702000-00045	403	3432	https://journals.lww.com/00124278-200702000-00045 (retry 403	-
https://icehockeyuk.co.uk/historic-merger-uk-ice-hockey-is-together-as-one/	200	117416	https://icehockeyuk.co.uk/historic-merger-uk-ice-hockey-is-together-as-one/	R26 first fetch: Dec-2025 member vote, 16 Jun 2026 board ratification, 30 Jun 2026 completion and 'over 14,000 registered members' all located. But the corpus's quoted string 'the first Olympic sport in Britain to fully unify governance across all home nations' is NOT on the page in any form - headline says 'FULLY UNIFY GOVERNING BODIES', body says 'fully consolidate its governance and development across all home nations'
https://icehockeyuk.co.uk/merger-update-26th-june-2026/	200	112403	https://icehockeyuk.co.uk/merger-update-26th-june-2026/	R26 first fetch: 'All current insurance arrangements under SIH and EIH will continue unchanged' and the membership-termination letters located verbatim
https://icehockeyuk.co.uk/ihuk/	200	159084	https://icehockeyuk.co.uk/ihuk/	R26 first fetch: 'the national governing body of the sport of ice hockey in the United Kingdom', 'Affiliated to the International Ice Hockey Federation (IIHF)' and 'responsible to the IIHF for the good order of the sport in the UK' all located; corpus's ellipses are legitimate
https://englandicehockey.com/wp-content/uploads/2025/11/IHUK-In-House-Rules-25-26-R1.pdf	200	373664	https://englandicehockey.com/wp-content/uploads/2025/11/IHUK-In-House-Rules-25-26-R1.pdf	R26 first fetch of the PDF ITSELF (round 25 read only extracted text). 18 pages confirmed. CLOSES ROUND 25's OPEN QUESTION: the single image in the document is the ICE HOCKEY UK logo, on the page-1 cover, and no other body's logo appears. PDF XMP gives dc:creator 'Michael', no organisational author. Text also names IHUK twice - 'All officials are appointed by the IHUK Referee Section' and 'the standard IHUK in-house rules apply'
https://www.usahockey.com/news_article/show/775908-creating-offense-with-zone-entries-and-puck-support	200	60461	https://www.usahockey.com/news_article/show/775908-creating-offense-with-zone-entries-and-puck-support	R26 first fetch: byline 'By Mike Doyle, 03/30/17'; Bruyere's 'the 40-foot pass isn't a good option. The 8-to-10-foot-or-less pass' located verbatim as direct speech - corpus's interviewee labelling is correct
https://hecc.org/for-consumers/certification-program-for-neck-laceration-protectors/	200	75151	https://hecc.org/for-consumers/certification-program-for-neck-laceration-protectors/	R26 first fetch: HECC's own NLP programme announcement names NO standard - the ISO/DIS 10256-5 and BNQ 9415-370 numbers come from the certified-equipment list, not from this page
https://hecc.org/for-manufacturers/neck-laceration-protector-certification-program/	200	71191	https://hecc.org/for-manufacturers/neck-laceration-protector-certification-program/	R26 first fetch: names CSA as HECC's current validator; no standard number given
